22986 ; 1 ; 46,2 ; 500
30775 ; 3 ; 148,6 ; 500
38054 ; 6 ; 292,6 ; 500
44598 ; 9 ; 427,2 ; 500
50466 ; 11 ; 483,4 ; 500
56054 ; 11 ; 478,6 ; 500
61702 ; 12 ; 577,6 ; 500
66833 ; 11 ; 534,4 ; 500
72234 ; 11 ; 490,2 ; 500
77781 ; 11 ; 420 ; 500
83714 ; 11 ; 491,4 ; 500
89308 ; 11 ; 479,6 ; 500
94930 ; 12 ; 496,8 ; 500
100679 ; 12 ; 459,8 ; 500
106901 ; 12 ; 357,2 ; 500
113242 ; 13 ; 561,8 ; 500
118484 ; 13 ; 526 ; 500
123898 ; 13 ; 388,4 ; 500
130243 ; 14 ; 598,6 ; 500
135349 ; 13 ; 573,4 ; 500
140544 ; 13 ; 517,2 ; 500
146007 ; 12 ; 274,6 ; 500
152631 ; 14 ; 478,6 ; 500
158608 ; 14 ; 247,6 ; 500
165512 ; 16 ; 503 ; 500
171053 ; 17 ; 557,4 ; 500
176305 ; 17 ; 757,8 ; 500
180533 ; 15 ; 635 ; 500
185353 ; 14 ; 557,8 ; 500
190672 ; 12 ; 203,6 ; 500
197974 ; 14 ; 556 ; 500
203227 ; 14 ; 586,8 ; 500
208270 ; 14 ; 639,8 ; 500
213116 ; 13 ; 573,8 ; 500
218311 ; 12 ; 426,6 ; 500
224287 ; 12 ; 365 ; 500
230907 ; 13 ; 559 ; 500
236148 ; 13 ; 573,6 ; 500
241291 ; 12 ; 524,6 ; 500
246646 ; 12 ; 481,2 ; 500
252244 ; 12 ; 367 ; 500
258427 ; 13 ; 351,2 ; 500
264859 ; 14 ; 588,6 ; 500
269929 ; 14 ; 604 ; 500
274926 ; 14 ; 539,2 ; 500
280246 ; 13 ; 500,4 ; 500
285839 ; 13 ; 534,2 ; 500
291198 ; 12 ; 504,8 ; 500
296674 ; 12 ; 537,6 ; 500
302028 ; 12 ; 485,8 ; 500
307678 ; 12 ; 402,8 ; 500
313713 ; 13 ; 430,2 ; 500
319798 ; 13 ; 513,2 ; 500
325233 ; 13 ; 574,4 ; 500
330481 ; 13 ; 569,2 ; 500
335659 ; 12 ; 505,2 ; 500
341094 ; 12 ; 479,6 ; 500
346791 ; 12 ; 400,8 ; 500
352837 ; 13 ; 613,8 ; 500
357807 ; 12 ; 511,8 ; 500
363517 ; 12 ; 548,2 ; 900
368772 ; 14 ; 565,2 ; 900
373949 ; 17 ; 685 ; 900
378678 ; 20 ; 767,6 ; 900
382829 ; 22 ; 842 ; 900
386601 ; 23 ; 900,6 ; 900
390089 ; 23 ; 873 ; 900
394001 ; 23 ; 514 ; 900
399830 ; 26 ; 1196,8 ; 900
401862 ; 25 ; 820,4 ; 900
405730 ; 26 ; 771,4 ; 900
409894 ; 26 ; 1002,2 ; 900
412879 ; 26 ; 980 ; 900
415938 ; 25 ; 996,8 ; 900
418996 ; 24 ; 964,2 ; 900
422176 ; 24 ; 942,2 ; 900
425482 ; 23 ; 830,6 ; 900
429360 ; 23 ; 919,8 ; 900
432809 ; 23 ; 857,6 ; 900
436569 ; 24 ; 817,8 ; 900
440513 ; 24 ; 981,8 ; 900
443622 ; 24 ; 1039 ; 900
446463 ; 23 ; 909,8 ; 900
450002 ; 22 ; 749,2 ; 900
454276 ; 23 ; 632,4 ; 900
459251 ; 25 ; 867,8 ; 900
462904 ; 26 ; 974,6 ; 900
466071 ; 26 ; 907,2 ; 900
469843 ; 26 ; 966,8 ; 900
473109 ; 25 ; 1102,8 ; 900
475660 ; 24 ; 941,8 ; 900
478947 ; 23 ; 824,8 ; 900
482824 ; 23 ; 987,4 ; 900
485883 ; 23 ; 761,2 ; 900
490142 ; 24 ; 836,4 ; 900
494143 ; 24 ; 1064,4 ; 900
497186 ; 23 ; 950,8 ; 900
501023 ; 23 ; 874,6 ; 900
504645 ; 23 ; 648,8 ; 900
509415 ; 24 ; 666,8 ; 900
514123 ; 26 ; 1018,6 ; 900
517037 ; 26 ; 1062 ; 900
519714 ; 26 ; 974,8 ; 900
522858 ; 25 ; 943,4 ; 900
526111 ; 24 ; 868,8 ; 900
529762 ; 24 ; 760,2 ; 900
533935 ; 25 ; 921 ; 900
537457 ; 25 ; 1033,8 ; 900
540336 ; 24 ; 928 ; 900
543728 ; 24 ; 851,4 ; 900
547493 ; 24 ; 768,4 ; 900
551822 ; 25 ; 774 ; 900
555996 ; 26 ; 890,4 ; 900
559511 ; 26 ; 989 ; 900
562538 ; 26 ; 950,4 ; 900
565830 ; 26 ; 967,4 ; 900
569010 ; 25 ; 912 ; 900
572753 ; 25 ; 908 ; 900
576220 ; 24 ; 760,6 ; 900
580419 ; 25 ; 867,8 ; 900
584126 ; 26 ; 1046,4 ; 1250
586875 ; 28 ; 1313 ; 1250
588327 ; 27 ; 1152,6 ; 1250
590568 ; 28 ; 1067,2 ; 1250
593199 ; 30 ; 1255,8 ; 1250
594947 ; 30 ; 1114,6 ; 1250
597366 ; 31 ; 1115,6 ; 1250
599772 ; 33 ; 1108,8 ; 1250
602279 ; 34 ; 1073 ; 1250
604926 ; 36 ; 1386,4 ; 1250
605943 ; 35 ; 1314,6 ; 1250
609306 ; 35 ; 1341,6 ; 1250
610632 ; 34 ; 1155,4 ; 1250
612862 ; 34 ; 1120,4 ; 1250
615271 ; 35 ; 1199,4 ; 1250
617301 ; 36 ; 1344,6 ; 1250
619313 ; 36 ; 1397,4 ; 1250
620288 ; 35 ; 1258,2 ; 1250
621990 ; 34 ; 1148,6 ; 1250
624197 ; 35 ; 1233 ; 1250
626054 ; 35 ; 1147,6 ; 1250
628304 ; 36 ; 1312,6 ; 1250
629746 ; 35 ; 1258,4 ; 1250
631425 ; 36 ; 1277 ; 1250
633047 ; 35 ; 988,4 ; 1250
636101 ; 37 ; 911,4 ; 1250
639541 ; 40 ; 1337,6 ; 1250
641451 ; 40 ; 1251 ; 1250
643140 ; 41 ; 1348 ; 1250
644348 ; 40 ; 1317,8 ; 1250
645745 ; 39 ; 1329,8 ; 1250
647096 ; 38 ; 1385 ; 1250
648209 ; 37 ; 849,6 ; 1250
652083 ; 40 ; 1238 ; 1250
653818 ; 40 ; 1358,2 ; 1250
655058 ; 40 ; 1063,8 ; 1250
657755 ; 41 ; 1396 ; 1250
658739 ; 40 ; 1449,8 ; 1250
659517 ; 39 ; 1210 ; 1250
661506 ; 39 ; 1119 ; 1250
663926 ; 39 ; 765,6 ; 1250
668026 ; 43 ; 1484,6 ; 1250
668561 ; 42 ; 1314,8 ; 1250
669980 ; 43 ; 1252,4 ; 1250
672229 ; 42 ; 1357,8 ; 1250
673938 ; 41 ; 1072 ; 1250
676593 ; 42 ; 1365,6 ; 1250
677732 ; 41 ; 1298,8 ; 1250
679225 ; 41 ; 1289 ; 1250
680789 ; 41 ; 989,8 ; 1250
683840 ; 42 ; 1251 ; 1250
685564 ; 42 ; 367,2 ; 1250
685019 ; 49 ; 1336,4 ; 1250
693482 ; 49 ; 1462,2 ; 1250
694099 ; 50 ; 1863,2 ; 1250
693658 ; 45 ; 610 ; 1250
698754 ; 49 ; 1698,2 ; 1250
698228 ; 45 ; 1486 ; 1250
698773 ; 44 ; 1420,4 ; 1250
699645 ; 42 ; 1610,8 ; 1250
700655 ; 38 ; 1376,6 ; 1300
701863 ; 37 ; 1554,6 ; 1300
702053 ; 34 ; 1394,2 ; 1300
703082 ; 33 ; 1327 ; 1300
704455 ; 32 ; 1102,6 ; 1300
706828 ; 33 ; 1204,6 ; 1300
708890 ; 34 ; 1445 ; 1300
709634 ; 34 ; 1308,6 ; 1300
711087 ; 34 ; 1323,8 ; 1300
712438 ; 33 ; 1240 ; 1300
714224 ; 34 ; 1249,6 ; 1300
715956 ; 34 ; 1321,8 ; 1300
717242 ; 34 ; 960,8 ; 1300
720413 ; 37 ; 1089 ; 1300
722969 ; 38 ; 1138,4 ; 1300
725558 ; 40 ; 1310,4 ; 1300
728013 ; 41 ; 1436 ; 1300
728804 ; 40 ; 1158,8 ; 1300
730965 ; 41 ; 1206,8 ; 1300
732986 ; 42 ; 1456,8 ; 1300
733640 ; 41 ; 1139,6 ; 1300
736033 ; 42 ; 1280,6 ; 1300
737604 ; 42 ; 1419 ; 1300
738509 ; 42 ; 1598,8 ; 1300
738726 ; 40 ; 1403,2 ; 1300
740128 ; 38 ; 1427,6 ; 1300
741005 ; 37 ; 1193 ; 1300
743010 ; 37 ; 1174,6 ; 1300
745116 ; 38 ; 1242,4 ; 1300
746874 ; 38 ; 1229 ; 1300
748733 ; 39 ; 1263,8 ; 1300
750499 ; 40 ; 758 ; 1300
754676 ; 44 ; 1477,6 ; 1300
755268 ; 43 ; 1512,8 ; 1300
755692 ; 43 ; 1522,2 ; 1300
756059 ; 41 ; 1358,2 ; 1300
757216 ; 39 ; 1384,8 ; 1300
758241 ; 38 ; 1236,2 ; 1300
760137 ; 38 ; 1382,2 ; 1300
761569 ; 38 ; 1401,4 ; 1300
763088 ; 37 ; 1541,2 ; 1300
763391 ; 35 ; 1365,4 ; 1300
765549 ; 34 ; 1284,6 ; 1300
767135 ; 34 ; 809,6 ; 1300
771144 ; 37 ; 1174,8 ; 1300
773303 ; 38 ; 1187,2 ; 1300
775375 ; 40 ; 1402 ; 1300
776361 ; 40 ; 1465,4 ; 1300
777001 ; 39 ; 1340,6 ; 1300
778270 ; 38 ; 1464,2 ; 1300
779548 ; 37 ; 1277 ; 1300
781163 ; 37 ; 1408,4 ; 1300
782707 ; 36 ; 1358 ; 1300
783887 ; 35 ; 1089,4 ; 1300
786507 ; 36 ; 750,6 ; 1300
790739 ; 40 ; 700 ; 1300
795384 ; 46 ; 1272,2 ; 1300
797179 ; 48 ; 1403,2 ; 1300
798191 ; 48 ; 1357 ; 1300
799452 ; 48 ; 1448,2 ; 1300
800304 ; 47 ; 1310 ; 300
801830 ; 39 ; 1274,2 ; 300
804090 ; 31 ; 1034,8 ; 300
806951 ; 22 ; 810,2 ; 300
810911 ; 16 ; 642 ; 300
815660 ; 11 ; 320,4 ; 300
822140 ; 9 ; 246,8 ; 300
828912 ; 9 ; 261 ; 300
835704 ; 9 ; 227,2 ; 300
842563 ; 10 ; 431,4 ; 300
848427 ; 9 ; 410,8 ; 300
854363 ; 8 ; 342 ; 300
860674 ; 8 ; 375,6 ; 300
866802 ; 7 ; 316,2 ; 300
874325 ; 6 ; 97,2 ; 300
876426 ; 8 ; 139 ; 300
889354 ; 9 ; 294,4 ; 300
895854 ; 10 ; 437,6 ; 300
901669 ; 9 ; 364,6 ; 300
907857 ; 9 ; 353,4 ; 300
914107 ; 8 ; 341,4 ; 300
920371 ; 7 ; 265,4 ; 300
927092 ; 7 ; 112,4 ; 300
929092 ; 9 ; 19,6 ; 300
928992 ; 11 ; 357,2 ; 300
950478 ; 11 ; 401,2 ; 300
956449 ; 11 ; 416 ; 300
962356 ; 10 ; 435 ; 300
968141 ; 9 ; 341 ; 300
974426 ; 8 ; 206,2 ; 300
981375 ; 8 ; 208,4 ; 300
988448 ; 9 ; 305,8 ; 300
994988 ; 9 ; 286,6 ; 300
1001556 ; 10 ; 357,8 ; 300
1007812 ; 9 ; 284 ; 300
1014380 ; 9 ; 58,4 ; 300
1015161 ; 11 ; 341 ; 300
1028665 ; 11 ; 510,2 ; 300
1034118 ; 10 ; 361,8 ; 300
1040315 ; 9 ; 356,4 ; 300
1046525 ; 8 ; 358,2 ; 300
1052738 ; 8 ; 315 ; 300
1059148 ; 7 ; 51 ; 300
1059911 ; 9 ; 353,6 ; 300
1074828 ; 9 ; 421,8 ; 300
1080719 ; 8 ; 236,2 ; 300
1087541 ; 9 ; 371,6 ; 300
1093682 ; 8 ; 249,2 ; 300
1100500 ; 8 ; 289,4 ; 300
1107123 ; 8 ; 389,4 ; 300
1113178 ; 8 ; 267,6 ; 300
1119848 ; 8 ; 245,6 ; 300
1126649 ; 8 ; 231,2 ; 300
1133509 ; 9 ; 296,8 ; 300
1140057 ; 9 ; 319,2 ; 300
1145397 ; 9 ; 21,8 ; 300
1145288 ; 11 ; 19,6 ; 300
1145188 ; 13 ; 57,2 ; 300
1172115 ; 16 ; 447,2 ; 300
1177942 ; 16 ; 536,6 ; 300
1183243 ; 14 ; 518,6 ; 800
1188793 ; 16 ; 573,4 ; 800
1193939 ; 17 ; 457,4 ; 800
1199620 ; 20 ; 668,4 ; 800
1204277 ; 22 ; 772,8 ; 800
1208400 ; 23 ; 708,2 ; 800
1212917 ; 24 ; 802,4 ; 800
1216907 ; 25 ; 872,4 ; 800
1220550 ; 24 ; 668,6 ; 800
1225227 ; 25 ; 926,2 ; 800
1228603 ; 24 ; 768,8 ; 800
1233148 ; 25 ; 1065,4 ; 800
1235816 ; 22 ; 853,8 ; 800
1239577 ; 22 ; 840 ; 800
1243368 ; 21 ; 888,6 ; 800
1246945 ; 20 ; 806,8 ; 800
1250882 ; 20 ; 803,8 ; 800
1254938 ; 20 ; 422,6 ; 800
1260823 ; 22 ; 700,4 ; 800
1265358 ; 23 ; 877 ; 800
1269023 ; 24 ; 936 ; 800
1272362 ; 23 ; 716,4 ; 800
1276778 ; 23 ; 738,8 ; 800
1281184 ; 23 ; 768 ; 800
1285328 ; 24 ; 930,8 ; 800
1288668 ; 23 ; 791,4 ; 800
1292758 ; 23 ; 753,8 ; 800
1297002 ; 23 ; 871 ; 800
1300635 ; 23 ; 565 ; 800
1305800 ; 24 ; 548,4 ; 800
1311057 ; 26 ; 745,8 ; 800
1315308 ; 28 ; 990,2 ; 800
1318396 ; 27 ; 984,8 ; 800
1321465 ; 25 ; 974,6 ; 800
1324585 ; 24 ; 860,8 ; 800
1328328 ; 23 ; 670,8 ; 800
1333554 ; 23 ; 820,2 ; 800
1337439 ; 23 ; 1008 ; 800
1340413 ; 22 ; 780,2 ; 800
1344503 ; 22 ; 269,2 ; 800
1347719 ; 25 ; 49,6 ; 800
1347468 ; 31 ; 61 ; 800
1347157 ; 38 ; 572,2 ; 800
1375909 ; 42 ; 1592,4 ; 800
1375968 ; 38 ; 771,6 ; 800
1380207 ; 38 ; 1061,4 ; 800
1382888 ; 35 ; 940,8 ; 800
1386570 ; 34 ; 1216 ; 800
1388475 ; 30 ; 835,4 ; 800
1392297 ; 29 ; 814,2 ; 800
1396305 ; 28 ; 1085,8 ; 800
1398793 ; 26 ; 878,2 ; 800
1402387 ; 25 ; 1097,8 ; 800
1405534 ; 22 ; 870,2 ; 800
1409178 ; 21 ; 854,8 ; 800
1412967 ; 20 ; 807,4 ; 800
1416946 ; 19 ; 698,8 ; 800
1421451 ; 20 ; 199 ; 800
1428997 ; 24 ; 733,8 ; 800
1433346 ; 26 ; 828,8 ; 800
1437201 ; 27 ; 733 ; 1000
1441522 ; 29 ; 1079 ; 1000
1444065 ; 29 ; 1112,2 ; 1000
1446542 ; 28 ; 1172 ; 1000
1448695 ; 27 ; 1007 ; 1000
1452794 ; 26 ; 1117,8 ; 1000
1455188 ; 25 ; 802 ; 1000
1457654 ; 26 ; 57,2 ; 1000
1457367 ; 33 ; 71,4 ; 1000
1476389 ; 41 ; 1225,2 ; 1000
1478791 ; 42 ; 948,4 ; 1000
1482071 ; 45 ; 1082 ; 1000
1484663 ; 44 ; 1275,8 ; 1000
1486278 ; 42 ; 519,2 ; 1000
1491923 ; 45 ; 1009,8 ; 1000
1495103 ; 45 ; 1436 ; 1000
1495910 ; 43 ; 1364,2 ; 1000
1497107 ; 40 ; 1431,8 ; 1000
1498649 ; 35 ; 976,2 ; 1000
1502056 ; 34 ; 705,4 ; 1000
1506564 ; 35 ; 1000,8 ; 1000
1509644 ; 35 ; 957 ; 1000
1512869 ; 36 ; 1350,6 ; 1000
1514099 ; 34 ; 1229,2 ; 1000
1515959 ; 32 ; 1114 ; 1000
1518424 ; 30 ; 1124,4 ; 1000
1520783 ; 29 ; 673,6 ; 1000
1525853 ; 31 ; 1032,6 ; 1000
1528766 ; 30 ; 1177,6 ; 1000
1530860 ; 30 ; 1144,4 ; 1000
1533494 ; 29 ; 1187,8 ; 1000
1535537 ; 27 ; 871,2 ; 1000
1539163 ; 27 ; 1096 ; 1000
1541683 ; 26 ; 1061,4 ; 1000
1544341 ; 26 ; 988 ; 1000
1547379 ; 26 ; 1023 ; 1000
1550260 ; 25 ; 1021 ; 1000
1553121 ; 25 ; 1054,6 ; 1000
1556618 ; 25 ; 205,4 ; 1000
1556552 ; 30 ; 65,2 ; 1000
1556221 ; 37 ; 1011,4 ; 1000
1575062 ; 40 ; 1279,6 ; 1000
1576719 ; 41 ; 1120,8 ; 1000
1579416 ; 39 ; 1365,8 ; 1000
1580570 ; 36 ; 1455,8 ; 1000
1581303 ; 32 ; 1218,2 ; 1000
1584016 ; 29 ; 1213 ; 1000
1585977 ; 26 ; 1010,8 ; 1000
1588908 ; 26 ; 1030,6 ; 1000
1591777 ; 25 ; 978,6 ; 1000
1594860 ; 25 ; 688 ; 1000
1599411 ; 27 ; 1032,8 ; 1000
1602229 ; 27 ; 895,4 ; 1000
1605731 ; 29 ; 1133,4 ; 1000
1608075 ; 28 ; 256,8 ; 1000
1608265 ; 33 ; 71,8 ; 1000
1607901 ; 40 ; 649 ; 1000
1628163 ; 45 ; 1200,4 ; 1000
1630148 ; 46 ; 1406,8 ; 1000
1631676 ; 44 ; 1274,6 ; 1000
1633296 ; 41 ; 1434,4 ; 400
1634122 ; 33 ; 1167,4 ; 400
1636312 ; 26 ; 1048,8 ; 400
1639116 ; 18 ; 672,6 ; 400
1643740 ; 14 ; 595 ; 400
1648778 ; 10 ; 432,6 ; 400
1654587 ; 9 ; 400,6 ; 400
1660605 ; 9 ; 371,8 ; 400
1666782 ; 9 ; 328 ; 400
1673171 ; 9 ; 342,8 ; 400
1679498 ; 10 ; 395,4 ; 400
1685477 ; 10 ; 398 ; 400
1691479 ; 10 ; 397,8 ; 400
1697495 ; 10 ; 333,2 ; 400
1704285 ; 11 ; 199,8 ; 400
1711831 ; 12 ; 360,6 ; 400
1718297 ; 13 ; 404,2 ; 400
1724255 ; 13 ; 518,6 ; 400
1729702 ; 13 ; 553,4 ; 400
1734922 ; 12 ; 351,6 ; 400
1741182 ; 11 ; 506,2 ; 400
1746631 ; 10 ; 466,2 ; 400
1752329 ; 10 ; 418 ; 400
1758219 ; 9 ; 361 ; 400
1764408 ; 10 ; 415,4 ; 400
1770273 ; 9 ; 259,4 ; 400
1777245 ; 11 ; 395 ; 400
1782279 ; 11 ; 24,4 ; 400
1782157 ; 14 ; 47,4 ; 400
1800989 ; 17 ; 394,8 ; 400
1807233 ; 18 ; 694,6 ; 400
1811756 ; 17 ; 504,6 ; 400
1817443 ; 16 ; 419,2 ; 400
1823379 ; 15 ; 327,4 ; 400
1830110 ; 15 ; 428 ; 400
1836142 ; 15 ; 450,4 ; 400
1841867 ; 14 ; 420 ; 400
1847760 ; 14 ; 582,6 ; 400
1852837 ; 13 ; 439,2 ; 400
1858673 ; 12 ; 509,4 ; 400
1864127 ; 11 ; 414 ; 400
1870077 ; 11 ; 487,4 ; 400
1876653 ; 10 ; 437,6 ; 400
1882494 ; 9 ; 337,2 ; 400
1888834 ; 10 ; 423 ; 400
1894714 ; 9 ; 430,6 ; 400
1900602 ; 9 ; 380,8 ; 400
1906728 ; 9 ; 341,2 ; 400
1912996 ; 10 ; 475 ; 400
1918764 ; 9 ; 418 ; 400
1924708 ; 9 ; 151,8 ; 400
1926572 ; 11 ; 224,4 ; 400
1939604 ; 12 ; 466,8 ; 400
1945239 ; 13 ; 559 ; 400
1950492 ; 12 ; 446,4 ; 400
1956276 ; 11 ; 413 ; 400
1962275 ; 11 ; 131,8 ; 400
1970139 ; 12 ; 189,4 ; 400
1979308 ; 14 ; 205,6 ; 400
1989059 ; 16 ; 500,8 ; 400
1994676 ; 16 ; 595,2 ; 500
1999707 ; 16 ; 535 ; 500
2004996 ; 15 ; 96,4 ; 500
2008854 ; 18 ; 39,8 ; 500
2008652 ; 22 ; 330,6 ; 500
2028586 ; 24 ; 884,4 ; 500
2032170 ; 23 ; 914,6 ; 500
2035608 ; 20 ; 845,4 ; 500
2039405 ; 16 ; 672 ; 500
2044140 ; 14 ; 597 ; 500
2049170 ; 12 ; 517,4 ; 500
2054979 ; 11 ; 514,2 ; 500
2060389 ; 11 ; 452,4 ; 500
2066099 ; 11 ; 467,8 ; 500
2071794 ; 11 ; 519,8 ; 500
2077192 ; 11 ; 487,2 ; 500
2082738 ; 12 ; 466 ; 500
2088377 ; 12 ; 448,6 ; 500
2094143 ; 12 ; 487 ; 500
2099701 ; 12 ; 534,8 ; 500
2105037 ; 12 ; 462,8 ; 500
2110702 ; 13 ; 580 ; 500
2115850 ; 12 ; 322,6 ; 500
2122251 ; 13 ; 303,4 ; 500
2129868 ; 15 ; 478 ; 500
2135478 ; 15 ; 612,8 ; 500
2140613 ; 15 ; 646,6 ; 500
2145377 ; 14 ; 494 ; 500
2150872 ; 14 ; 517,8 ; 500
2156444 ; 13 ; 567,4 ; 500
2161603 ; 13 ; 499 ; 500
2167071 ; 13 ; 504 ; 500
2172573 ; 12 ; 66,2 ; 500
2181295 ; 15 ; 601 ; 500
2186526 ; 15 ; 408,8 ; 500
2191910 ; 17 ; 40,6 ; 500
2191705 ; 20 ; 155,6 ; 500
2209993 ; 23 ; 934 ; 500
2213296 ; 21 ; 781,2 ; 500
2217384 ; 20 ; 361 ; 500
2223561 ; 19 ; 610,8 ; 500
2228871 ; 18 ; 594,4 ; 500
2233889 ; 18 ; 482,2 ; 500
2239507 ; 17 ; 615,2 ; 500
2244406 ; 16 ; 648 ; 500
2249229 ; 15 ; 623,8 ; 500
2254589 ; 14 ; 539 ; 500
2259898 ; 13 ; 435,4 ; 500
2265732 ; 13 ; 512 ; 500
2271225 ; 13 ; 533 ; 500
2276778 ; 13 ; 587,4 ; 500
2282255 ; 12 ; 476,6 ; 500
2287875 ; 12 ; 466 ; 500
2293529 ; 12 ; 502,2 ; 500
2299025 ; 13 ; 565,2 ; 500
2304161 ; 12 ; 547,8 ; 500
2310466 ; 12 ; 500 ; 500
2316523 ; 12 ; 487,6 ; 500
2322136 ; 12 ; 331,6 ; 500
2328622 ; 13 ; 480,6 ; 500
2334266 ; 13 ; 498 ; 1000
2339755 ; 17 ; 714,2 ; 1000
2344175 ; 20 ; 706,6 ; 1000
2348778 ; 23 ; 459 ; 1000
2354520 ; 28 ; 116,8 ; 1000
2355412 ; 35 ; 1300,2 ; 1000
2365039 ; 35 ; 1456,2 ; 1000
2365750 ; 34 ; 88 ; 1000
2365442 ; 39 ; 85 ; 1000
2365012 ; 46 ; 1263,8 ; 1000
2383281 ; 47 ; 1719,8 ; 1000
2382689 ; 44 ; 1357,6 ; 1000
2383900 ; 40 ; 1378,8 ; 1000
2384987 ; 35 ; 1218 ; 1000
2386916 ; 32 ; 1198,4 ; 1000
2388927 ; 30 ; 1078,2 ; 1000
2391604 ; 29 ; 983 ; 1000
2394811 ; 28 ; 680,8 ; 1000
2399550 ; 30 ; 1243,2 ; 1000
2401344 ; 29 ; 1164,2 ; 1000
2403529 ; 28 ; 444,8 ; 1000
2409447 ; 31 ; 924,8 ; 1000
2413189 ; 32 ; 1284,4 ; 1000
2414766 ; 31 ; 1165 ; 1000
2417019 ; 30 ; 1013,6 ; 1000
2419939 ; 29 ; 878,6 ; 1000
2423600 ; 30 ; 1191,6 ; 1000
2425601 ; 28 ; 941,2 ; 1000
2428881 ; 29 ; 1172,6 ; 1000
2430994 ; 27 ; 1134,8 ; 1000
2433326 ; 26 ; 1060,8 ; 1000
2436030 ; 25 ; 987,2 ; 1000
2439074 ; 25 ; 935,8 ; 1000
2442399 ; 25 ; 1066,2 ; 1000
2445060 ; 25 ; 965,8 ; 1000
2448947 ; 25 ; 1072 ; 1000
2451602 ; 25 ; 1011,2 ; 1000
2454534 ; 25 ; 1144,6 ; 1000
2456778 ; 23 ; 945,6 ; 1000
2460869 ; 24 ; 1103,4 ; 1000
2463331 ; 23 ; 933,8 ; 1000
2466659 ; 23 ; 926,6 ; 1000
2470094 ; 23 ; 972,6 ; 1000
2473199 ; 24 ; 973,8 ; 1000
2476293 ; 24 ; 912,6 ; 1000
2480201 ; 25 ; 741,2 ; 1000
2484539 ; 27 ; 976,2 ; 1000
2487634 ; 28 ; 1110 ; 1000
2490047 ; 27 ; 1026 ; 1000
2492949 ; 27 ; 933 ; 1000
2496254 ; 27 ; 1031,6 ; 1000
2499074 ; 27 ; 1094,6 ; 1000
2501602 ; 27 ; 540,8 ; 1000
2502616 ; 30 ; 59,6 ; 1000
2502315 ; 37 ; 621,4 ; 1000
2521135 ; 41 ; 1147,8 ; 1000
2523489 ; 43 ; 1284,8 ; 1000
2525699 ; 42 ; 1089,8 ; 1000
2528308 ; 40 ; 1187 ; 1000
2530370 ; 38 ; 1189,6 ; 1000
2532382 ; 37 ; 1340,6 ; 2000
2533681 ; 41 ; 1479,6 ; 2000
2534272 ; 44 ; 1645 ; 2000
2534029 ; 49 ; 1776,6 ; 2000
2533013 ; 52 ; 825 ; 2000
2532746 ; 62 ; 147 ; 2000
2532001 ; 76 ; 1273,4 ; 2000
2547457 ; 86 ; 2915,2 ; 2000
2540843 ; 85 ; 2455 ; 2000
2536573 ; 83 ; 2508,8 ; 2000
2531991 ; 76 ; 2116,8 ; 2000
2529581 ; 74 ; 2239,4 ; 2000
2526375 ; 71 ; 1655,8 ; 2000
2526094 ; 73 ; 1842,4 ; 2000
2524815 ; 74 ; 2171,2 ; 2000
2521927 ; 73 ; 2016 ; 2000
2520025 ; 73 ; 2040,2 ; 2000
2517947 ; 73 ; 2004,2 ; 2000
2516441 ; 73 ; 2110,6 ; 2000
2514113 ; 72 ; 1484,8 ; 2000
2514762 ; 75 ; 2229,8 ; 2000
2511510 ; 74 ; 2438,2 ; 2000
2507343 ; 72 ; 2427,6 ; 2000
2503216 ; 68 ; 1962,6 ; 2000
2501465 ; 67 ; 1703,6 ; 2000
2500918 ; 68 ; 1432 ; 2000
2501830 ; 72 ; 1666,2 ; 2000
2501669 ; 76 ; 484 ; 2000
2500171 ; 88 ; 173,8 ; 2000
2499290 ; 103 ; 2390 ; 2000
2512074 ; 106 ; 2899,6 ; 2000
2505488 ; 104 ; 2926,4 ; 2000
2499198 ; 95 ; 2919 ; 2000
2492591 ; 86 ; 2487 ; 2000
2488218 ; 79 ; 2664,6 ; 2000
2482908 ; 72 ; 2329,2 ; 2000
2479261 ; 68 ; 2287,2 ; 2000
2475831 ; 64 ; 1957,6 ; 2000
2474343 ; 63 ; 2262,4 ; 2000
2471068 ; 60 ; 1588,6 ; 2000
2471144 ; 63 ; 1684,6 ; 2000
2470687 ; 65 ; 2008,2 ; 2000
2468657 ; 66 ; 2178,8 ; 2000
2465739 ; 66 ; 1767,6 ; 2000
2464851 ; 67 ; 1423,8 ; 2000
2465711 ; 71 ; 2212,4 ; 2000
2462616 ; 71 ; 1277,2 ; 2000
2464511 ; 77 ; 1415,4 ; 2000
2465440 ; 81 ; 2311 ; 2000
2461898 ; 82 ; 1544,8 ; 2000
2462243 ; 86 ; 859,6 ; 2000
2466825 ; 94 ; 1730 ; 2000
2466793 ; 98 ; 2226 ; 2000
2461790 ; 99 ; 257,4 ; 2000
2460502 ; 112 ; 288,8 ; 2000
2459045 ; 125 ; 656 ; 2000
2483505 ; 140 ; 2373 ; 2000
2479639 ; 143 ; 3882 ; 2000
2468459 ; 133 ; 3569 ; 2000
2458510 ; 119 ; 3393,4 ; 2000
2449541 ; 103 ; 3443,6 ; 1500
2440347 ; 84 ; 2838,2 ; 1500
2434190 ; 70 ; 2183,2 ; 1500
2431276 ; 59 ; 2210,4 ; 1500
2428183 ; 50 ; 1489 ; 1500
2428752 ; 48 ; 1335,6 ; 1500
2430013 ; 47 ; 1327,2 ; 1500
2431364 ; 48 ; 1393,8 ; 1500
2432381 ; 50 ; 1524,8 ; 1500
2432849 ; 50 ; 1668,2 ; 1500
2432915 ; 49 ; 1808,8 ; 1500
2431864 ; 47 ; 1689,2 ; 1500
2431383 ; 45 ; 1548,6 ; 1500
2431561 ; 43 ; 1130,6 ; 1500
2434251 ; 46 ; 1688,8 ; 1500
2433782 ; 44 ; 1527,4 ; 1500
2434136 ; 45 ; 1639,8 ; 1500
2433936 ; 43 ; 1068,2 ; 1500
2436743 ; 46 ; 1516,8 ; 1500
2437152 ; 46 ; 1736 ; 1500
2436945 ; 46 ; 1706,4 ; 1500
2436399 ; 44 ; 1363,4 ; 1500
2437540 ; 44 ; 1175 ; 1500
2439641 ; 46 ; 1270,6 ; 1500
2441294 ; 48 ; 1821,8 ; 1500
2440133 ; 47 ; 1745,6 ; 1500
2439372 ; 46 ; 1724 ; 1500
2438748 ; 43 ; 1690,8 ; 1500
2438282 ; 41 ; 1241,2 ; 1500
2440046 ; 42 ; 1403,4 ; 1500
2440986 ; 42 ; 597 ; 1500
2446066 ; 49 ; 1129,6 ; 1500
2448536 ; 53 ; 1745,8 ; 1500
2447822 ; 54 ; 1795,4 ; 1500
2446831 ; 53 ; 1455 ; 1500
2447873 ; 52 ; 1469,4 ; 1500
2448520 ; 52 ; 1645 ; 1500
2448293 ; 51 ; 1727,4 ; 1500
2447745 ; 49 ; 1954,2 ; 1500
2446128 ; 45 ; 1599 ; 1500
2446436 ; 44 ; 1409,2 ; 1500
2447384 ; 43 ; 703,2 ; 1500
2452236 ; 48 ; 1683 ; 1500
2452634 ; 48 ; 1772,8 ; 1500
2451480 ; 48 ; 125 ; 1500
2450855 ; 57 ; 135,2 ; 1500
2459704 ; 67 ; 2043,4 ; 1500
2467110 ; 68 ; 2539,6 ; 1500
2462402 ; 64 ; 1512,2 ; 1500
2462877 ; 61 ; 1735,4 ; 1500
2462189 ; 57 ; 1791 ; 1500
2461225 ; 55 ; 1971,8 ; 1500
2459369 ; 50 ; 1533 ; 1500
2459692 ; 49 ; 1792,4 ; 1500
2458752 ; 46 ; 1522,6 ; 1500
2459103 ; 45 ; 1649,8 ; 1500
2458818 ; 43 ; 1530,4 ; 1500
2459208 ; 43 ; 1175,2 ; 1500
2461299 ; 45 ; 995,2 ; 1500
2464963 ; 49 ; 509,6 ; 1500
2470476 ; 57 ; 548 ; 500
2475788 ; 59 ; 1131,8 ; 500
2478348 ; 57 ; 342,6 ; 500
2484697 ; 57 ; 1529 ; 500
2486086 ; 49 ; 1492,2 ; 500
2486624 ; 41 ; 1510,6 ; 500
2487101 ; 30 ; 1137,6 ; 500
2489585 ; 22 ; 685 ; 500
2494186 ; 18 ; 741,2 ; 500
2498498 ; 15 ; 606,6 ; 500
2503488 ; 13 ; 552,4 ; 500
2508731 ; 12 ; 464,8 ; 500
2514464 ; 12 ; 230,4 ; 500
2516920 ; 14 ; 309 ; 500
2528445 ; 16 ; 604,4 ; 500
2533410 ; 16 ; 630,8 ; 500
2538683 ; 15 ; 461,8 ; 500
2544545 ; 15 ; 635,4 ; 500
2549369 ; 14 ; 497,8 ; 500
2556608 ; 14 ; 40 ; 500
2565495 ; 17 ; 556,2 ; 500
2571888 ; 17 ; 445,6 ; 500
2576238 ; 18 ; 32,4 ; 500
2576075 ; 21 ; 58,4 ; 500
2575780 ; 25 ; 247,6 ; 500
2601953 ; 28 ; 1049 ; 500
2604669 ; 26 ; 978 ; 500
2607749 ; 23 ; 1008,8 ; 500
2610719 ; 17 ; 677,4 ; 500
2615303 ; 14 ; 602 ; 500
2620360 ; 12 ; 508,2 ; 500
2625888 ; 12 ; 308,2 ; 500
2632383 ; 13 ; 570,6 ; 500
2637647 ; 12 ; 524,6 ; 500
2643032 ; 13 ; 545,6 ; 500
2648279 ; 12 ; 403 ; 500
2654543 ; 13 ; 509,8 ; 500
2660079 ; 13 ; 373,8 ; 500
2666662 ; 14 ; 264 ; 500
2674271 ; 15 ; 172,6 ; 500
2681815 ; 18 ; 636 ; 500
2686736 ; 18 ; 656,6 ; 500
2691467 ; 18 ; 649,2 ; 500
2696233 ; 16 ; 685 ; 500
2700958 ; 14 ; 290,2 ; 500
2707570 ; 15 ; 604,6 ; 500
2712686 ; 14 ; 638,6 ; 500
2718818 ; 14 ; 666,8 ; 500
2723506 ; 12 ; 548,4 ; 500
2728751 ; 11 ; 488,2 ; 500
2734302 ; 11 ; 451 ; 500
2740029 ; 11 ; 496,4 ; 500
2745507 ; 11 ; 407,6 ; 500
2751432 ; 12 ; 551,2 ; 500
2756700 ; 12 ; 460,2 ; 500
2762393 ; 12 ; 447,2 ; 500
2768168 ; 13 ; 521,8 ; 500
2773582 ; 13 ; 411 ; 500
2779358 ; 13 ; 31,4 ; 500
2779201 ; 17 ; 36,8 ; 500
2797805 ; 21 ; 879 ; 1100
2801451 ; 24 ; 1047 ; 1100
2804219 ; 25 ; 872 ; 1100
2807871 ; 28 ; 1096 ; 1100
2810361 ; 28 ; 1081,8 ; 1100
2812949 ; 29 ; 1161,2 ; 1100
2815138 ; 28 ; 1026,8 ; 1100
2818024 ; 29 ; 1130,4 ; 1100
2820382 ; 29 ; 1133,8 ; 1100
2822706 ; 28 ; 940,6 ; 1100
2825941 ; 29 ; 897,8 ; 1100
2829438 ; 31 ; 1122 ; 1100
2831812 ; 31 ; 1276,8 ; 1100
2833408 ; 31 ; 817,8 ; 1100
2837539 ; 32 ; 1183,8 ; 1100
2839995 ; 32 ; 1167,6 ; 1100
2842143 ; 32 ; 1049,8 ; 1100
2844854 ; 32 ; 1035 ; 1100
2847731 ; 32 ; 904,8 ; 1100
2849102 ; 34 ; 81,4 ; 1100
2848693 ; 41 ; 202,6 ; 1100
2867222 ; 49 ; 1707 ; 1100
2866664 ; 48 ; 1524,6 ; 1100
2867027 ; 47 ; 1656,2 ; 1100
2866712 ; 41 ; 1462,8 ; 1100
2868090 ; 37 ; 1223 ; 1100
2869993 ; 34 ; 1284,4 ; 1100
2871608 ; 32 ; 1270,8 ; 1100
2873274 ; 30 ; 1029,4 ; 1100
2876128 ; 30 ; 1143,6 ; 1100
2878427 ; 29 ; 1057,4 ; 1100
2881115 ; 30 ; 1090,2 ; 1100
2883665 ; 30 ; 997,4 ; 1100
2886702 ; 31 ; 711,2 ; 1100
2888245 ; 34 ; 384,8 ; 1100
2898017 ; 39 ; 1440,2 ; 1100
2898821 ; 39 ; 1458,2 ; 1100
2899489 ; 37 ; 1320,2 ; 1100
2900886 ; 35 ; 1213 ; 1100
2902832 ; 33 ; 1315,6 ; 1100
2904261 ; 31 ; 1126,8 ; 1100
2906622 ; 30 ; 1155,8 ; 1100
2908843 ; 29 ; 1042,6 ; 1100
2911603 ; 29 ; 1199,2 ; 1100
2913617 ; 29 ; 1028 ; 1100
2916507 ; 29 ; 1183,4 ; 1100
2919461 ; 28 ; 1081,8 ; 1100
2922051 ; 29 ; 934,6 ; 1100
2925425 ; 30 ; 1102,4 ; 1100
2927928 ; 30 ; 1133,8 ; 1100
2930250 ; 30 ; 1160 ; 1100
2932463 ; 29 ; 936,8 ; 1100
2935734 ; 30 ; 1001,6 ; 1100
2939151 ; 31 ; 1113 ; 1100
2941619 ; 32 ; 1242,8 ; 1100
2943390 ; 31 ; 1212,8 ; 1100
2945334 ; 30 ; 844,8 ; 1100
2949116 ; 31 ; 959,2 ; 1100
2952337 ; 32 ; 1120,4 ; 1100
2954720 ; 33 ; 1135,6 ; 1100
2957023 ; 33 ; 1424,8 ; 1500
2957936 ; 33 ; 1085,8 ; 1500
2960482 ; 36 ; 1440 ; 1500
2961252 ; 37 ; 1226,4 ; 1500
2963128 ; 40 ; 1312,2 ; 1500
2964561 ; 42 ; 1325,8 ; 1500
2965851 ; 44 ; 1500,8 ; 1500
2966320 ; 45 ; 294,6 ; 1500
2966725 ; 53 ; 125,8 ; 1500
2966064 ; 64 ; 1806,4 ; 1500
2982552 ; 66 ; 1890,6 ; 1500
2981080 ; 67 ; 1431,2 ; 1500
2982423 ; 66 ; 886,2 ; 1500
2986225 ; 70 ; 1815,2 ; 1500
2985130 ; 68 ; 2145,8 ; 1500
2982477 ; 65 ; 1923,2 ; 1500
2980793 ; 60 ; 1340,2 ; 1500
2982190 ; 59 ; 1029,8 ; 1500
2985217 ; 62 ; 1649,6 ; 1500
2985526 ; 62 ; 1634,2 ; 1500
2985345 ; 62 ; 989,8 ; 1500
2986228 ; 65 ; 328,4 ; 1500
2995247 ; 73 ; 2238,6 ; 1500
2991955 ; 70 ; 2479,6 ; 1500
2987677 ; 66 ; 2332,8 ; 1500
2984008 ; 57 ; 1771 ; 1500
2983142 ; 52 ; 1730,8 ; 1500
2982634 ; 48 ; 1807,2 ; 1500
2981608 ; 45 ; 1616,2 ; 1500
2981512 ; 43 ; 1430,4 ; 1500
2982315 ; 43 ; 1591,6 ; 1500
2982368 ; 42 ; 1511,8 ; 1500
2982825 ; 42 ; 1425,4 ; 1500
2984187 ; 42 ; 1607 ; 1500
2984148 ; 42 ; 1460,4 ; 1500
2984845 ; 42 ; 1507 ; 1500
2985328 ; 42 ; 1133,6 ; 1500
2984829 ; 44 ; 105,4 ; 1500
2984300 ; 55 ; 568,4 ; 1500
3002223 ; 63 ; 2388,4 ; 1500
2998249 ; 61 ; 2166,8 ; 1500
2995390 ; 58 ; 1892,6 ; 1500
2994032 ; 53 ; 1825,2 ; 1500
2992933 ; 48 ; 1684,6 ; 1500
2992509 ; 46 ; 1557,4 ; 1500
2992688 ; 44 ; 1354,2 ; 1500
2993876 ; 45 ; 1631,8 ; 1500
2993685 ; 44 ; 1585,8 ; 1500
2993821 ; 44 ; 1580,2 ; 1500
2993959 ; 43 ; 1578,4 ; 1500
2994198 ; 42 ; 1562,6 ; 1500
2994815 ; 41 ; 1561,6 ; 1500
2994983 ; 40 ; 1476,4 ; 1500
2996017 ; 40 ; 1383,6 ; 1500
2997115 ; 41 ; 1439,6 ; 1500
2997915 ; 42 ; 1230 ; 1500
2999730 ; 44 ; 1275,2 ; 1500
3001279 ; 46 ; 1689,4 ; 1500
3000835 ; 45 ; 1481,6 ; 1500
3002134 ; 46 ; 1457 ; 1500
3002840 ; 46 ; 1505,4 ; 500
3003316 ; 39 ; 1476,4 ; 500
3003918 ; 31 ; 1034,6 ; 500
3006761 ; 24 ; 819,6 ; 500
3010646 ; 19 ; 802,8 ; 500
3014675 ; 15 ; 541 ; 500
3019976 ; 14 ; 584,4 ; 500
3025048 ; 12 ; 461 ; 500
3030720 ; 12 ; 525,8 ; 500
3036078 ; 12 ; 455,2 ; 500
3041799 ; 12 ; 383 ; 500
3048001 ; 13 ; 518,6 ; 500
3053633 ; 13 ; 539 ; 500
3058932 ; 13 ; 549,8 ; 500
3064512 ; 13 ; 561,8 ; 500
3069687 ; 12 ; 503,2 ; 500
3075252 ; 12 ; 492,8 ; 500
3081361 ; 12 ; 535,8 ; 500
3086709 ; 12 ; 475,6 ; 500
3092172 ; 12 ; 21,8 ; 500
3102452 ; 15 ; 570,4 ; 500
3107618 ; 15 ; 674,2 ; 500
3112224 ; 15 ; 554,2 ; 500
3117018 ; 14 ; 36,8 ; 500
3116835 ; 17 ; 96 ; 500
3134759 ; 20 ; 769 ; 500
3138886 ; 20 ; 856,4 ; 500
3142649 ; 18 ; 706,6 ; 500
3147089 ; 16 ; 559 ; 500
3152293 ; 14 ; 444,4 ; 500
3158163 ; 14 ; 477,6 ; 500
3163768 ; 14 ; 536,2 ; 500
3169086 ; 14 ; 585,4 ; 500
3174185 ; 13 ; 491,6 ; 500
3179948 ; 13 ; 565,6 ; 500
3185088 ; 13 ; 506,2 ; 500
3190528 ; 12 ; 532,8 ; 500
3195911 ; 12 ; 442,8 ; 500
3201709 ; 12 ; 563,6 ; 500
3206917 ; 12 ; 516,6 ; 500
3212335 ; 12 ; 513,2 ; 500
3217767 ; 12 ; 473,8 ; 500
3223346 ; 12 ; 450 ; 500
3229117 ; 12 ; 550,8 ; 500
3234361 ; 12 ; 505,4 ; 500
3239843 ; 12 ; 519,8 ; 500
3245228 ; 12 ; 497,6 ; 500
3250758 ; 12 ; 581,6 ; 500
3255808 ; 11 ; 384,2 ; 500
3260591 ; 12 ; 26,4 ; 500
3260458 ; 15 ; 79,4 ; 500
3278601 ; 19 ; 822,8 ; 500
3282449 ; 18 ; 726 ; 500
3286877 ; 17 ; 671,4 ; 500
3291505 ; 15 ; 635,6 ; 500
3296292 ; 13 ; 571,8 ; 500
3301482 ; 12 ; 497,8 ; 500
3306985 ; 12 ; 568,2 ; 500
3312124 ; 11 ; 481,4 ; 500
3317732 ; 11 ; 468 ; 500
3323452 ; 11 ; 490 ; 3000
3328971 ; 29 ; 1019,2 ; 3000
3331834 ; 46 ; 1715,2 ; 3000
3331215 ; 63 ; 1936,4 ; 3000
3329503 ; 76 ; 2271,6 ; 3000
3326118 ; 85 ; 2526,8 ; 3000
3321375 ; 92 ; 2071 ; 3000
3316440 ; 101 ; 261 ; 3000
3315126 ; 122 ; 969 ; 3000
3331256 ; 141 ; 2578,4 ; 3000
3326343 ; 153 ; 3629,8 ; 3000
3316208 ; 154 ; 4124,4 ; 3000
3303639 ; 146 ; 3431,2 ; 3000
3294467 ; 141 ; 3432,8 ; 3000
3285617 ; 135 ; 4139,2 ; 3000
3272923 ; 125 ; 4027,4 ; 3000
3260783 ; 116 ; 3401,4 ; 3000
3251884 ; 109 ; 2547,8 ; 3000
3247211 ; 109 ; 2381,8 ; 3000
3243591 ; 113 ; 2132,6 ; 3000
3240958 ; 121 ; 3425,8 ; 3000
3231754 ; 120 ; 3181,4 ; 3000
3223874 ; 121 ; 3419,4 ; 3000
3214739 ; 117 ; 3391,2 ; 3000
3205780 ; 113 ; 3250,2 ; 3000
3197489 ; 110 ; 3391,2 ; 3000
3188535 ; 106 ; 2690,2 ; 3000
3183411 ; 107 ; 3432 ; 3000
3174194 ; 103 ; 3094 ; 3000
3166698 ; 103 ; 2471,8 ; 3000
3162664 ; 106 ; 3131,4 ; 3000
3154969 ; 105 ; 2478 ; 3000
3150598 ; 110 ; 979,2 ; 3000
3147288 ; 124 ; 2308,2 ; 3000
3150804 ; 132 ; 3801,4 ; 3000
3139755 ; 132 ; 2015,8 ; 3000
3137666 ; 140 ; 3366,4 ; 3000
3128829 ; 137 ; 3864,8 ; 3000
3117485 ; 133 ; 4031,6 ; 3000
3105313 ; 124 ; 3606,6 ; 3000
3095245 ; 116 ; 3263,2 ; 3000
3086953 ; 111 ; 3279,6 ; 3000
3078576 ; 108 ; 916,8 ; 3000
3084165 ; 121 ; 3407,6 ; 3000
3086888 ; 120 ; 3799,8 ; 3000
3075846 ; 119 ; 3453,4 ; 3000
3066553 ; 114 ; 3670 ; 3000
3056177 ; 107 ; 3430 ; 3000
3046956 ; 102 ; 3165,2 ; 3000
3039082 ; 99 ; 2888,4 ; 3000
3032598 ; 98 ; 2972,4 ; 3000
3025672 ; 98 ; 3057,2 ; 3000
3018461 ; 98 ; 2573,2 ; 3000
3013561 ; 101 ; 3102,6 ; 3000
3006084 ; 101 ; 2885,6 ; 3000
2999672 ; 102 ; 2994,4 ; 3000
2993220 ; 102 ; 3408,6 ; 3000
2984163 ; 100 ; 3038,4 ; 3000
2976996 ; 99 ; 2974,2 ; 3000
2970077 ; 98 ; 3169,8 ; 3000
