1356 ; 1 ; 271,2 ; 363
1210 ; 1 ; 242 ; 363
1116 ; 1 ; 223,2 ; 363
1403 ; 1 ; 280,6 ; 363
1415 ; 1 ; 283 ; 363
1359 ; 1 ; 271,8 ; 363
1437 ; 1 ; 287,4 ; 363
2462 ; 2 ; 492,4 ; 363
1330 ; 1 ; 266 ; 363
2574 ; 2 ; 514,8 ; 363
1369 ; 1 ; 273,8 ; 363
1412 ; 1 ; 282,4 ; 363
2644 ; 2 ; 528,8 ; 363
1471 ; 1 ; 294,2 ; 363
1313 ; 1 ; 262,6 ; 363
2501 ; 2 ; 500,2 ; 363
1370 ; 1 ; 274 ; 363
1295 ; 1 ; 259 ; 363
2581 ; 2 ; 516,2 ; 363
1400 ; 1 ; 280 ; 363
2402 ; 2 ; 480,4 ; 363
1335 ; 1 ; 267 ; 363
1322 ; 1 ; 264,4 ; 363
2543 ; 2 ; 508,6 ; 363
1375 ; 1 ; 275 ; 363
2456 ; 2 ; 491,2 ; 363
1348 ; 1 ; 269,6 ; 363
1314 ; 1 ; 262,8 ; 363
2500 ; 2 ; 500 ; 363
1393 ; 1 ; 278,6 ; 363
2585 ; 2 ; 517 ; 363
1271 ; 1 ; 254,2 ; 363
2414 ; 2 ; 482,8 ; 363
1321 ; 1 ; 264,2 ; 363
1370 ; 1 ; 274 ; 363
2493 ; 2 ; 498,6 ; 363
1357 ; 1 ; 271,4 ; 363
2398 ; 2 ; 479,6 ; 363
1299 ; 1 ; 259,8 ; 363
2490 ; 2 ; 498 ; 363
1300 ; 1 ; 260 ; 363
1417 ; 1 ; 283,4 ; 363
2401 ; 2 ; 480,2 ; 363
1293 ; 1 ; 258,6 ; 363
2394 ; 2 ; 478,8 ; 363
1342 ; 1 ; 268,4 ; 363
2368 ; 2 ; 473,6 ; 363
1274 ; 1 ; 254,8 ; 363
2438 ; 2 ; 487,6 ; 363
1268 ; 1 ; 253,6 ; 363
2706 ; 2 ; 541,2 ; 363
1357 ; 1 ; 271,4 ; 363
1259 ; 1 ; 251,8 ; 363
2324 ; 2 ; 464,8 ; 363
1382 ; 1 ; 276,4 ; 363
2511 ; 2 ; 502,2 ; 363
1213 ; 1 ; 242,6 ; 363
2443 ; 2 ; 488,6 ; 363
1324 ; 1 ; 264,8 ; 363
1442 ; 1 ; 288,4 ; 363
2473 ; 2 ; 494,6 ; 1042
2832 ; 3 ; 566,4 ; 1042
3965 ; 4 ; 793 ; 1042
3915 ; 4 ; 783 ; 1042
4310 ; 5 ; 862 ; 1042
4333 ; 5 ; 866,6 ; 1042
4316 ; 6 ; 863,2 ; 1042
4366 ; 6 ; 873,2 ; 1042
4170 ; 6 ; 834 ; 1042
5038 ; 7 ; 1007,6 ; 1042
4654 ; 7 ; 930,8 ; 1042
4496 ; 7 ; 899,2 ; 1042
5191 ; 7 ; 1038,2 ; 1042
4614 ; 7 ; 922,8 ; 1042
5004 ; 8 ; 1000,8 ; 1042
5446 ; 8 ; 1089,2 ; 1042
4471 ; 7 ; 894,2 ; 1042
5312 ; 8 ; 1062,4 ; 1042
5078 ; 8 ; 1015,6 ; 1042
5099 ; 8 ; 1019,8 ; 1042
5230 ; 8 ; 1046 ; 1042
5269 ; 8 ; 1053,8 ; 1042
4960 ; 8 ; 992 ; 1042
4902 ; 8 ; 980,4 ; 1042
4533 ; 8 ; 906,6 ; 1042
5336 ; 9 ; 1067,2 ; 1042
4802 ; 8 ; 960,4 ; 1042
5252 ; 9 ; 1050,4 ; 1042
5087 ; 8 ; 1017,4 ; 1042
5492 ; 9 ; 1098,4 ; 1042
5091 ; 8 ; 1018,2 ; 1042
4958 ; 9 ; 991,6 ; 1042
5251 ; 9 ; 1050,2 ; 1042
5025 ; 9 ; 1005 ; 1042
6040 ; 9 ; 1208 ; 1042
5146 ; 8 ; 1029,2 ; 1042
4875 ; 8 ; 975 ; 1042
5747 ; 9 ; 1149,4 ; 1042
4496 ; 8 ; 899,2 ; 1042
4990 ; 9 ; 998 ; 1042
5824 ; 9 ; 1164,8 ; 1042
5056 ; 8 ; 1011,2 ; 1042
5235 ; 9 ; 1047 ; 1042
5391 ; 8 ; 1078,2 ; 1042
5013 ; 8 ; 1002,6 ; 1042
4716 ; 9 ; 943,2 ; 1042
5836 ; 9 ; 1167,2 ; 1042
5022 ; 8 ; 1004,4 ; 1042
3479 ; 9 ; 695,8 ; 1042
220 ; 10 ; 44 ; 1042
201 ; 12 ; 40,2 ; 1042
263 ; 14 ; 52,6 ; 1042
370 ; 17 ; 74 ; 1042
4953 ; 19 ; 990,6 ; 1042
7644 ; 18 ; 1528,8 ; 1042
7298 ; 16 ; 1459,6 ; 1042
6981 ; 15 ; 1396,2 ; 1042
7468 ; 15 ; 1493,6 ; 1042
6954 ; 14 ; 1390,8 ; 1042
6876 ; 13 ; 1375,2 ; 1042
6497 ; 12 ; 1299,4 ; 1871
7646 ; 15 ; 1529,2 ; 1871
7755 ; 15 ; 1551 ; 1871
7886 ; 16 ; 1577,2 ; 1871
7936 ; 16 ; 1587,2 ; 1871
7820 ; 17 ; 1564 ; 1871
7566 ; 17 ; 1513,2 ; 1871
7859 ; 18 ; 1571,8 ; 1871
8472 ; 19 ; 1694,4 ; 1871
8303 ; 19 ; 1660,6 ; 1871
8420 ; 20 ; 1684 ; 1871
8138 ; 20 ; 1627,6 ; 1871
8559 ; 21 ; 1711,8 ; 1871
8997 ; 21 ; 1799,4 ; 1871
8375 ; 21 ; 1675 ; 1871
8731 ; 21 ; 1746,2 ; 1871
8680 ; 22 ; 1736 ; 1871
9004 ; 22 ; 1800,8 ; 1871
9117 ; 22 ; 1823,4 ; 1871
8746 ; 22 ; 1749,2 ; 1871
8406 ; 22 ; 1681,2 ; 1871
8846 ; 23 ; 1769,2 ; 1871
9661 ; 23 ; 1932,2 ; 1871
8375 ; 23 ; 1675 ; 1871
9386 ; 23 ; 1877,2 ; 1871
9259 ; 23 ; 1851,8 ; 1871
8245 ; 23 ; 1649 ; 1871
9658 ; 24 ; 1931,6 ; 1871
8648 ; 23 ; 1729,6 ; 1871
6856 ; 24 ; 1371,2 ; 1871
2634 ; 26 ; 526,8 ; 1871
9902 ; 29 ; 1980,4 ; 1871
9842 ; 27 ; 1968,4 ; 1871
9266 ; 27 ; 1853,2 ; 1871
8786 ; 27 ; 1757,2 ; 1871
9348 ; 28 ; 1869,6 ; 1871
8480 ; 28 ; 1696 ; 1871
9183 ; 28 ; 1836,6 ; 1871
9440 ; 28 ; 1888 ; 1871
9792 ; 28 ; 1958,4 ; 1871
10405 ; 28 ; 2081 ; 1871
9404 ; 27 ; 1880,8 ; 1871
9526 ; 27 ; 1905,2 ; 1871
9480 ; 27 ; 1896 ; 1871
5198 ; 27 ; 1039,6 ; 1871
4108 ; 30 ; 821,6 ; 1871
11093 ; 32 ; 2218,6 ; 1871
10195 ; 30 ; 2039 ; 1871
9656 ; 30 ; 1931,2 ; 1871
10441 ; 30 ; 2088,2 ; 1871
9497 ; 29 ; 1899,4 ; 1871
9961 ; 30 ; 1992,2 ; 1871
9717 ; 29 ; 1943,4 ; 1871
9520 ; 29 ; 1904 ; 1871
9597 ; 29 ; 1919,4 ; 1871
9610 ; 29 ; 1922 ; 1871
9981 ; 29 ; 1996,2 ; 1871
10376 ; 28 ; 2075,2 ; 1871
9344 ; 28 ; 1868,8 ; 1871
8941 ; 28 ; 1788,2 ; 1871
9781 ; 28 ; 1956,2 ; 2063
10317 ; 29 ; 2063,4 ; 2063
10119 ; 29 ; 2023,8 ; 2063
9658 ; 29 ; 1931,6 ; 2063
9807 ; 29 ; 1961,4 ; 2063
9685 ; 29 ; 1937 ; 2063
9611 ; 30 ; 1922,2 ; 2063
10258 ; 30 ; 2051,6 ; 2063
9654 ; 30 ; 1930,8 ; 2063
9756 ; 30 ; 1951,2 ; 2063
10203 ; 30 ; 2040,6 ; 2063
5087 ; 30 ; 1017,4 ; 2063
645 ; 34 ; 129 ; 2063
735 ; 39 ; 147 ; 2063
4328 ; 43 ; 865,6 ; 2063
11750 ; 44 ; 2350 ; 2063
11247 ; 42 ; 2249,4 ; 2063
12125 ; 42 ; 2425 ; 2063
11706 ; 41 ; 2341,2 ; 2063
11608 ; 41 ; 2321,6 ; 2063
11608 ; 40 ; 2321,6 ; 2063
11096 ; 40 ; 2219,2 ; 2063
11742 ; 39 ; 2348,4 ; 2063
5206 ; 39 ; 1041,2 ; 2063
9258 ; 42 ; 1851,6 ; 2063
12316 ; 42 ; 2463,2 ; 2063
11908 ; 40 ; 2381,6 ; 2063
11243 ; 40 ; 2248,6 ; 2063
11364 ; 39 ; 2272,8 ; 2063
11695 ; 39 ; 2339 ; 2063
10318 ; 38 ; 2063,6 ; 2063
10670 ; 39 ; 2134 ; 2063
11154 ; 38 ; 2230,8 ; 2063
11038 ; 38 ; 2207,6 ; 2063
11396 ; 38 ; 2279,2 ; 2063
10734 ; 37 ; 2146,8 ; 2063
10619 ; 37 ; 2123,8 ; 2063
11127 ; 37 ; 2225,4 ; 2063
9905 ; 36 ; 1981 ; 2063
11459 ; 37 ; 2291,8 ; 2063
10519 ; 36 ; 2103,8 ; 2063
11174 ; 36 ; 2234,8 ; 2063
11076 ; 36 ; 2215,2 ; 2063
10853 ; 35 ; 2170,6 ; 2063
11019 ; 35 ; 2203,8 ; 2063
9983 ; 35 ; 1996,6 ; 2063
10909 ; 35 ; 2181,8 ; 2063
10969 ; 35 ; 2193,8 ; 2063
10091 ; 34 ; 2018,2 ; 2063
11138 ; 35 ; 2227,6 ; 2063
11224 ; 34 ; 2244,8 ; 2063
9885 ; 34 ; 1977 ; 2063
10632 ; 34 ; 2126,4 ; 2063
10922 ; 34 ; 2184,4 ; 2063
11587 ; 34 ; 2317,4 ; 2063
11338 ; 33 ; 2267,6 ; 2063
10440 ; 33 ; 2088 ; 2063
9424 ; 33 ; 1884,8 ; 2063
10365 ; 33 ; 2073 ; 2063
10195 ; 33 ; 2039 ; 2063
10173 ; 33 ; 2034,6 ; 1436
10699 ; 31 ; 2139,8 ; 1436
10284 ; 30 ; 2056,8 ; 1436
8979 ; 28 ; 1795,8 ; 1436
9315 ; 28 ; 1863 ; 1436
10080 ; 27 ; 2016 ; 1436
9036 ; 25 ; 1807,2 ; 1436
8877 ; 25 ; 1775,4 ; 1436
8959 ; 24 ; 1791,8 ; 1436
8453 ; 23 ; 1690,6 ; 1436
8975 ; 23 ; 1795 ; 1436
9060 ; 22 ; 1812 ; 1436
8372 ; 21 ; 1674,4 ; 1436
2387 ; 21 ; 477,4 ; 1436
404 ; 24 ; 80,8 ; 1436
527 ; 28 ; 105,4 ; 1436
1887 ; 30 ; 377,4 ; 1436
10138 ; 32 ; 2027,6 ; 1436
10318 ; 29 ; 2063,6 ; 1436
9559 ; 28 ; 1911,8 ; 1436
10383 ; 27 ; 2076,6 ; 1436
9839 ; 26 ; 1967,8 ; 1436
10042 ; 25 ; 2008,4 ; 1436
8749 ; 23 ; 1749,8 ; 1436
8933 ; 23 ; 1786,6 ; 1436
8793 ; 22 ; 1758,6 ; 1436
8648 ; 21 ; 1729,6 ; 1436
8853 ; 21 ; 1770,6 ; 1436
8408 ; 20 ; 1681,6 ; 1436
8505 ; 20 ; 1701 ; 1436
7604 ; 19 ; 1520,8 ; 1436
8085 ; 19 ; 1617 ; 1436
8572 ; 19 ; 1714,4 ; 1436
8137 ; 18 ; 1627,4 ; 1436
7562 ; 18 ; 1512,4 ; 1436
8212 ; 18 ; 1642,4 ; 1436
8118 ; 17 ; 1623,6 ; 1436
7604 ; 17 ; 1520,8 ; 1436
7669 ; 17 ; 1533,8 ; 1436
7237 ; 16 ; 1447,4 ; 1436
6763 ; 16 ; 1352,6 ; 1436
7292 ; 17 ; 1458,4 ; 1436
7585 ; 16 ; 1517 ; 1436
7195 ; 16 ; 1439 ; 1436
7432 ; 16 ; 1486,4 ; 1436
7312 ; 16 ; 1462,4 ; 1436
7276 ; 16 ; 1455,2 ; 1436
7647 ; 16 ; 1529,4 ; 1436
7203 ; 16 ; 1440,6 ; 1436
7332 ; 16 ; 1466,4 ; 1436
7430 ; 16 ; 1486 ; 1436
7509 ; 16 ; 1501,8 ; 1436
7080 ; 16 ; 1416 ; 1436
6985 ; 16 ; 1397 ; 1436
7106 ; 16 ; 1421,2 ; 1436
7233 ; 16 ; 1446,6 ; 1436
7547 ; 16 ; 1509,4 ; 1436
6823 ; 16 ; 1364,6 ; 1436
7245 ; 16 ; 1449 ; 1436
2689 ; 16 ; 537,8 ; 1436
5109 ; 19 ; 1021,8 ; 585
7408 ; 16 ; 1481,6 ; 585
6707 ; 14 ; 1341,4 ; 585
5865 ; 12 ; 1173 ; 585
5610 ; 11 ; 1122 ; 585
5922 ; 10 ; 1184,4 ; 585
5078 ; 9 ; 1015,6 ; 585
5146 ; 8 ; 1029,2 ; 585
4755 ; 7 ; 951 ; 585
4333 ; 6 ; 866,6 ; 585
4931 ; 6 ; 986,2 ; 585
4622 ; 5 ; 924,4 ; 585
4111 ; 4 ; 822,2 ; 585
4017 ; 4 ; 803,4 ; 585
3454 ; 3 ; 690,8 ; 585
3444 ; 3 ; 688,8 ; 585
3403 ; 3 ; 680,6 ; 585
3337 ; 3 ; 667,4 ; 585
3650 ; 3 ; 730 ; 585
2532 ; 2 ; 506,4 ; 585
3769 ; 3 ; 753,8 ; 585
2551 ; 2 ; 510,2 ; 585
3378 ; 3 ; 675,6 ; 585
2430 ; 2 ; 486 ; 585
3181 ; 3 ; 636,2 ; 585
2333 ; 2 ; 466,6 ; 585
2911 ; 3 ; 582,2 ; 585
540 ; 3 ; 108 ; 585
78 ; 4 ; 15,6 ; 585
3604 ; 6 ; 720,8 ; 585
3952 ; 4 ; 790,4 ; 585
3949 ; 4 ; 789,8 ; 585
3846 ; 4 ; 769,2 ; 585
3012 ; 3 ; 602,4 ; 585
3295 ; 3 ; 659 ; 585
3070 ; 3 ; 614 ; 585
3578 ; 3 ; 715,6 ; 585
3244 ; 3 ; 648,8 ; 585
3571 ; 3 ; 714,2 ; 585
2391 ; 2 ; 478,2 ; 585
3327 ; 3 ; 665,4 ; 585
2194 ; 2 ; 438,8 ; 585
3292 ; 3 ; 658,4 ; 585
3052 ; 3 ; 610,4 ; 585
3657 ; 3 ; 731,4 ; 585
2229 ; 2 ; 445,8 ; 585
3228 ; 3 ; 645,6 ; 585
2307 ; 2 ; 461,4 ; 585
3198 ; 3 ; 639,6 ; 585
2294 ; 2 ; 458,8 ; 585
3180 ; 3 ; 636 ; 585
3422 ; 3 ; 684,4 ; 585
2363 ; 2 ; 472,6 ; 585
2954 ; 3 ; 590,8 ; 585
3393 ; 3 ; 678,6 ; 585
2348 ; 2 ; 469,6 ; 585
3315 ; 3 ; 663 ; 585
3048 ; 3 ; 609,6 ; 585
3166 ; 3 ; 633,2 ; 585
2299 ; 2 ; 459,8 ; 585
3377 ; 3 ; 675,4 ; 318
2151 ; 2 ; 430,2 ; 318
37 ; 2 ; 7,4 ; 318
58 ; 3 ; 11,6 ; 318
59 ; 3 ; 11,8 ; 318
528 ; 4 ; 105,6 ; 318
3691 ; 4 ; 738,2 ; 318
3366 ; 3 ; 673,2 ; 318
2535 ; 2 ; 507 ; 318
2793 ; 2 ; 558,6 ; 318
1414 ; 1 ; 282,8 ; 318
2725 ; 2 ; 545 ; 318
1320 ; 1 ; 264 ; 318
1350 ; 1 ; 270 ; 318
1318 ; 1 ; 263,6 ; 318
2453 ; 2 ; 490,6 ; 318
1392 ; 1 ; 278,4 ; 318
1461 ; 1 ; 292,2 ; 318
1373 ; 1 ; 274,6 ; 318
1384 ; 1 ; 276,8 ; 318
2439 ; 2 ; 487,8 ; 318
1342 ; 1 ; 268,4 ; 318
1330 ; 1 ; 266 ; 318
1471 ; 1 ; 294,2 ; 318
1457 ; 1 ; 291,4 ; 318
1356 ; 1 ; 271,2 ; 318
2422 ; 2 ; 484,4 ; 318
1386 ; 1 ; 277,2 ; 318
1310 ; 1 ; 262 ; 318
1257 ; 1 ; 251,4 ; 318
2501 ; 2 ; 500,2 ; 318
1298 ; 1 ; 259,6 ; 318
1279 ; 1 ; 255,8 ; 318
1318 ; 1 ; 263,6 ; 318
2402 ; 2 ; 480,4 ; 318
1278 ; 1 ; 255,6 ; 318
1314 ; 1 ; 262,8 ; 318
1341 ; 1 ; 268,2 ; 318
2544 ; 2 ; 508,8 ; 318
1347 ; 1 ; 269,4 ; 318
1287 ; 1 ; 257,4 ; 318
1301 ; 1 ; 260,2 ; 318
2407 ; 2 ; 481,4 ; 318
1351 ; 1 ; 270,2 ; 318
1297 ; 1 ; 259,4 ; 318
1301 ; 1 ; 260,2 ; 318
2445 ; 2 ; 489 ; 318
1369 ; 1 ; 273,8 ; 318
1253 ; 1 ; 250,6 ; 318
1308 ; 1 ; 261,6 ; 318
2452 ; 2 ; 490,4 ; 318
1318 ; 1 ; 263,6 ; 318
1279 ; 1 ; 255,8 ; 318
1356 ; 1 ; 271,2 ; 318
1340 ; 1 ; 268 ; 318
2358 ; 2 ; 471,6 ; 318
1358 ; 1 ; 271,6 ; 318
1359 ; 1 ; 271,8 ; 318
1359 ; 1 ; 271,8 ; 318
2186 ; 2 ; 437,2 ; 318
1325 ; 1 ; 265 ; 888
3236 ; 3 ; 647,2 ; 888
2459 ; 3 ; 491,8 ; 888
70 ; 4 ; 14 ; 888
143 ; 7 ; 28,6 ; 888
195 ; 9 ; 39 ; 888
2102 ; 10 ; 420,4 ; 888
4405 ; 11 ; 881 ; 888
4995 ; 10 ; 999 ; 888
6082 ; 10 ; 1216,4 ; 888
5266 ; 9 ; 1053,2 ; 888
5552 ; 9 ; 1110,4 ; 888
5234 ; 8 ; 1046,8 ; 888
4962 ; 8 ; 992,4 ; 888
5195 ; 8 ; 1039 ; 888
5309 ; 8 ; 1061,8 ; 888
5010 ; 7 ; 1002 ; 888
5025 ; 7 ; 1005 ; 888
5444 ; 7 ; 1088,8 ; 888
4677 ; 6 ; 935,4 ; 888
4729 ; 6 ; 945,8 ; 888
4836 ; 6 ; 967,2 ; 888
4354 ; 6 ; 870,8 ; 888
4551 ; 6 ; 910,2 ; 888
4424 ; 6 ; 884,8 ; 888
4463 ; 6 ; 892,6 ; 888
4462 ; 6 ; 892,4 ; 888
4478 ; 6 ; 895,6 ; 888
4400 ; 6 ; 880 ; 888
4451 ; 6 ; 890,2 ; 888
4589 ; 6 ; 917,8 ; 888
4775 ; 6 ; 955 ; 888
4763 ; 6 ; 952,6 ; 888
4344 ; 6 ; 868,8 ; 888
4315 ; 6 ; 863 ; 888
4810 ; 6 ; 962 ; 888
4416 ; 6 ; 883,2 ; 888
4537 ; 6 ; 907,4 ; 888
4500 ; 6 ; 900 ; 888
4615 ; 6 ; 923 ; 888
4345 ; 6 ; 869 ; 888
4535 ; 6 ; 907 ; 888
4465 ; 6 ; 893 ; 888
4806 ; 6 ; 961,2 ; 888
4466 ; 5 ; 893,2 ; 888
3941 ; 5 ; 788,2 ; 888
4453 ; 6 ; 890,6 ; 888
4501 ; 6 ; 900,2 ; 888
4571 ; 6 ; 914,2 ; 888
4078 ; 5 ; 815,6 ; 888
4394 ; 6 ; 878,8 ; 888
4495 ; 6 ; 899 ; 888
4547 ; 6 ; 909,4 ; 888
4311 ; 6 ; 862,2 ; 888
4406 ; 6 ; 881,2 ; 888
4081 ; 6 ; 816,2 ; 888
4550 ; 6 ; 910 ; 888
4351 ; 6 ; 870,2 ; 888
4436 ; 6 ; 887,2 ; 888
4507 ; 6 ; 901,4 ; 888
4462 ; 6 ; 892,4 ; 1754
5056 ; 9 ; 1011,2 ; 1754
5880 ; 10 ; 1176 ; 1754
3065 ; 11 ; 613 ; 1754
273 ; 14 ; 54,6 ; 1754
319 ; 18 ; 63,8 ; 1754
413 ; 22 ; 82,6 ; 1754
4633 ; 25 ; 926,6 ; 1754
9507 ; 26 ; 1901,4 ; 1754
8562 ; 25 ; 1712,4 ; 1754
9159 ; 25 ; 1831,8 ; 1754
9207 ; 25 ; 1841,4 ; 1754
9251 ; 25 ; 1850,2 ; 1754
8759 ; 25 ; 1751,8 ; 1754
9153 ; 25 ; 1830,6 ; 1754
8897 ; 24 ; 1779,4 ; 1754
9053 ; 24 ; 1810,6 ; 1754
8988 ; 24 ; 1797,6 ; 1754
8570 ; 24 ; 1714 ; 1754
8734 ; 24 ; 1746,8 ; 1754
8787 ; 24 ; 1757,4 ; 1754
9277 ; 24 ; 1855,4 ; 1754
9151 ; 24 ; 1830,2 ; 1754
8895 ; 24 ; 1779 ; 1754
8925 ; 24 ; 1785 ; 1754
8981 ; 24 ; 1796,2 ; 1754
8787 ; 24 ; 1757,4 ; 1754
9165 ; 24 ; 1833 ; 1754
8986 ; 24 ; 1797,2 ; 1754
8490 ; 23 ; 1698 ; 1754
9023 ; 24 ; 1804,6 ; 1754
9002 ; 23 ; 1800,4 ; 1754
8361 ; 23 ; 1672,2 ; 1754
8370 ; 24 ; 1674 ; 1754
9017 ; 24 ; 1803,4 ; 1754
8165 ; 24 ; 1633 ; 1754
8526 ; 24 ; 1705,2 ; 1754
8895 ; 24 ; 1779 ; 1754
8458 ; 24 ; 1691,6 ; 1754
8447 ; 24 ; 1689,4 ; 1754
8641 ; 24 ; 1728,2 ; 1754
8602 ; 24 ; 1720,4 ; 1754
7831 ; 24 ; 1566,2 ; 1754
8546 ; 25 ; 1709,2 ; 1754
9306 ; 25 ; 1861,2 ; 1754
8517 ; 24 ; 1703,4 ; 1754
8450 ; 25 ; 1690 ; 1754
8998 ; 25 ; 1799,6 ; 1754
9364 ; 25 ; 1872,8 ; 1754
8333 ; 24 ; 1666,6 ; 1754
8944 ; 25 ; 1788,8 ; 1754
8744 ; 25 ; 1748,8 ; 1754
8324 ; 25 ; 1664,8 ; 1754
9406 ; 25 ; 1881,2 ; 1754
9015 ; 24 ; 1803 ; 1754
3460 ; 24 ; 692 ; 1754
504 ; 28 ; 100,8 ; 1754
667 ; 32 ; 133,4 ; 1754
5510 ; 35 ; 1102 ; 1754
9982 ; 36 ; 1996,4 ; 1754
10399 ; 34 ; 2079,8 ; 2094
11324 ; 35 ; 2264,8 ; 2094
10560 ; 34 ; 2112 ; 2094
10896 ; 34 ; 2179,2 ; 2094
11144 ; 34 ; 2228,8 ; 2094
10911 ; 34 ; 2182,2 ; 2094
10881 ; 33 ; 2176,2 ; 2094
9745 ; 33 ; 1949 ; 2094
10142 ; 34 ; 2028,4 ; 2094
9963 ; 34 ; 1992,6 ; 2094
10317 ; 34 ; 2063,4 ; 2094
10241 ; 34 ; 2048,2 ; 2094
10246 ; 34 ; 2049,2 ; 2094
11152 ; 34 ; 2230,4 ; 2094
10430 ; 34 ; 2086 ; 2094
11004 ; 34 ; 2200,8 ; 2094
10708 ; 34 ; 2141,6 ; 2094
9718 ; 34 ; 1943,6 ; 2094
10119 ; 34 ; 2023,8 ; 2094
10273 ; 34 ; 2054,6 ; 2094
11102 ; 34 ; 2220,4 ; 2094
9336 ; 34 ; 1867,2 ; 2094
10394 ; 35 ; 2078,8 ; 2094
10246 ; 34 ; 2049,2 ; 2094
10126 ; 35 ; 2025,2 ; 2094
10416 ; 35 ; 2083,2 ; 2094
10774 ; 35 ; 2154,8 ; 2094
10370 ; 35 ; 2074 ; 2094
10752 ; 35 ; 2150,4 ; 2094
10579 ; 34 ; 2115,8 ; 2094
10159 ; 34 ; 2031,8 ; 2094
10880 ; 35 ; 2176 ; 2094
10635 ; 34 ; 2127 ; 2094
9838 ; 34 ; 1967,6 ; 2094
9732 ; 35 ; 1946,4 ; 2094
10797 ; 35 ; 2159,4 ; 2094
10334 ; 35 ; 2066,8 ; 2094
9656 ; 35 ; 1931,2 ; 2094
10339 ; 35 ; 2067,8 ; 2094
11279 ; 35 ; 2255,8 ; 2094
11432 ; 35 ; 2286,4 ; 2094
9998 ; 34 ; 1999,6 ; 2094
9226 ; 35 ; 1845,2 ; 2094
10918 ; 36 ; 2183,6 ; 2094
11099 ; 35 ; 2219,8 ; 2094
7383 ; 35 ; 1476,6 ; 2094
626 ; 37 ; 125,2 ; 2094
3513 ; 43 ; 702,6 ; 2094
11039 ; 45 ; 2207,8 ; 2094
11191 ; 43 ; 2238,2 ; 2094
11236 ; 43 ; 2247,2 ; 2094
10462 ; 42 ; 2092,4 ; 2094
11970 ; 42 ; 2394 ; 2094
11427 ; 41 ; 2285,4 ; 2094
10652 ; 41 ; 2130,4 ; 2094
10543 ; 41 ; 2108,6 ; 2094
10585 ; 41 ; 2117 ; 2094
11133 ; 41 ; 2226,6 ; 2094
11088 ; 41 ; 2217,6 ; 2094
12080 ; 41 ; 2416 ; 2094
10358 ; 40 ; 2071,6 ; 1585
10333 ; 38 ; 2066,6 ; 1585
10266 ; 37 ; 2053,2 ; 1585
10286 ; 36 ; 2057,2 ; 1585
10510 ; 35 ; 2102 ; 1585
10472 ; 34 ; 2094,4 ; 1585
9222 ; 33 ; 1844,4 ; 1585
8575 ; 33 ; 1715 ; 1585
10650 ; 33 ; 2130 ; 1585
9883 ; 31 ; 1976,6 ; 1585
9585 ; 31 ; 1917 ; 1585
9237 ; 30 ; 1847,4 ; 1585
9249 ; 29 ; 1849,8 ; 1585
6427 ; 29 ; 1285,4 ; 1585
598 ; 30 ; 119,6 ; 1585
613 ; 34 ; 122,6 ; 1585
2528 ; 37 ; 505,6 ; 1585
10522 ; 39 ; 2104,4 ; 1585
10783 ; 36 ; 2156,6 ; 1585
10562 ; 35 ; 2112,4 ; 1585
10361 ; 34 ; 2072,2 ; 1585
10250 ; 33 ; 2050 ; 1585
10678 ; 32 ; 2135,6 ; 1585
10444 ; 31 ; 2088,8 ; 1585
9643 ; 30 ; 1928,6 ; 1585
9720 ; 29 ; 1944 ; 1585
9475 ; 29 ; 1895 ; 1585
9747 ; 28 ; 1949,4 ; 1585
9850 ; 27 ; 1970 ; 1585
8996 ; 26 ; 1799,2 ; 1585
9299 ; 26 ; 1859,8 ; 1585
9281 ; 25 ; 1856,2 ; 1585
9360 ; 25 ; 1872 ; 1585
8572 ; 24 ; 1714,4 ; 1585
8940 ; 24 ; 1788 ; 1585
8451 ; 24 ; 1690,2 ; 1585
9269 ; 24 ; 1853,8 ; 1585
8812 ; 23 ; 1762,4 ; 1585
8208 ; 22 ; 1641,6 ; 1585
8175 ; 22 ; 1635 ; 1585
8187 ; 22 ; 1637,4 ; 1585
8214 ; 22 ; 1642,8 ; 1585
9057 ; 22 ; 1811,4 ; 1585
7797 ; 21 ; 1559,4 ; 1585
9013 ; 22 ; 1802,6 ; 1585
9010 ; 21 ; 1802 ; 1585
8253 ; 21 ; 1650,6 ; 1585
8185 ; 21 ; 1637 ; 1585
7627 ; 21 ; 1525,4 ; 1585
8538 ; 21 ; 1707,6 ; 1585
7910 ; 20 ; 1582 ; 1585
8122 ; 20 ; 1624,4 ; 1585
8138 ; 20 ; 1627,6 ; 1585
8233 ; 20 ; 1646,6 ; 1585
8330 ; 20 ; 1666 ; 1585
7977 ; 20 ; 1595,4 ; 1585
8038 ; 20 ; 1607,6 ; 1585
7839 ; 20 ; 1567,8 ; 1585
7930 ; 20 ; 1586 ; 1585
7737 ; 20 ; 1547,4 ; 1585
7904 ; 20 ; 1580,8 ; 710
7218 ; 17 ; 1443,6 ; 710
7192 ; 16 ; 1438,4 ; 710
7216 ; 14 ; 1443,2 ; 710
6296 ; 13 ; 1259,2 ; 710
6635 ; 12 ; 1327 ; 710
2655 ; 10 ; 531 ; 710
333 ; 12 ; 66,6 ; 710
271 ; 13 ; 54,2 ; 710
336 ; 15 ; 67,2 ; 710
2523 ; 16 ; 504,6 ; 710
7520 ; 16 ; 1504 ; 710
6712 ; 13 ; 1342,4 ; 710
6379 ; 12 ; 1275,8 ; 710
6596 ; 11 ; 1319,2 ; 710
5976 ; 10 ; 1195,2 ; 710
5612 ; 9 ; 1122,4 ; 710
5402 ; 8 ; 1080,4 ; 710
4959 ; 7 ; 991,8 ; 710
5274 ; 7 ; 1054,8 ; 710
4599 ; 6 ; 919,8 ; 710
4609 ; 6 ; 921,8 ; 710
4131 ; 5 ; 826,2 ; 710
4267 ; 5 ; 853,4 ; 710
4115 ; 5 ; 823 ; 710
4236 ; 5 ; 847,2 ; 710
3856 ; 4 ; 771,2 ; 710
3521 ; 4 ; 704,2 ; 710
3822 ; 4 ; 764,4 ; 710
4081 ; 4 ; 816,2 ; 710
4040 ; 4 ; 808 ; 710
3924 ; 4 ; 784,8 ; 710
3578 ; 3 ; 715,6 ; 710
3908 ; 4 ; 781,6 ; 710
3445 ; 3 ; 689 ; 710
3472 ; 3 ; 694,4 ; 710
3361 ; 3 ; 672,2 ; 710
4117 ; 4 ; 823,4 ; 710
3884 ; 3 ; 776,8 ; 710
3474 ; 3 ; 694,8 ; 710
3743 ; 3 ; 748,6 ; 710
3301 ; 3 ; 660,2 ; 710
3636 ; 3 ; 727,2 ; 710
3004 ; 3 ; 600,8 ; 710
3788 ; 4 ; 757,6 ; 710
3233 ; 3 ; 646,6 ; 710
3503 ; 4 ; 700,6 ; 710
3624 ; 3 ; 724,8 ; 710
3537 ; 3 ; 707,4 ; 710
3503 ; 3 ; 700,6 ; 710
3149 ; 3 ; 629,8 ; 710
3745 ; 4 ; 749 ; 710
3218 ; 3 ; 643,6 ; 710
4086 ; 4 ; 817,2 ; 710
3283 ; 3 ; 656,6 ; 710
4028 ; 4 ; 805,6 ; 710
3203 ; 3 ; 640,6 ; 710
3912 ; 4 ; 782,4 ; 710
3162 ; 3 ; 632,4 ; 710
3864 ; 4 ; 772,8 ; 710
3037 ; 3 ; 607,4 ; 300
2112 ; 2 ; 422,4 ; 300
1405 ; 2 ; 281 ; 300
52 ; 3 ; 10,4 ; 300
1223 ; 3 ; 244,6 ; 300
3206 ; 3 ; 641,2 ; 300
2573 ; 2 ; 514,6 ; 300
2655 ; 2 ; 531 ; 300
1350 ; 1 ; 270 ; 300
2579 ; 2 ; 515,8 ; 300
1449 ; 1 ; 289,8 ; 300
1339 ; 1 ; 267,8 ; 300
1335 ; 1 ; 267 ; 300
1339 ; 1 ; 267,8 ; 300
1310 ; 1 ; 262 ; 300
2407 ; 2 ; 481,4 ; 300
1435 ; 1 ; 287 ; 300
1347 ; 1 ; 269,4 ; 300
1331 ; 1 ; 266,2 ; 300
1376 ; 1 ; 275,2 ; 300
1232 ; 1 ; 246,4 ; 300
1225 ; 1 ; 245 ; 300
2427 ; 2 ; 485,4 ; 300
1405 ; 1 ; 281 ; 300
1372 ; 1 ; 274,4 ; 300
1379 ; 1 ; 275,8 ; 300
1241 ; 1 ; 248,2 ; 300
1485 ; 1 ; 297 ; 300
1441 ; 1 ; 288,2 ; 300
1336 ; 1 ; 267,2 ; 300
2249 ; 2 ; 449,8 ; 300
1361 ; 1 ; 272,2 ; 300
1260 ; 1 ; 252 ; 300
1479 ; 1 ; 295,8 ; 300
1396 ; 1 ; 279,2 ; 300
1434 ; 1 ; 286,8 ; 300
1433 ; 1 ; 286,6 ; 300
1362 ; 1 ; 272,4 ; 300
2569 ; 2 ; 513,8 ; 300
1433 ; 1 ; 286,6 ; 300
1472 ; 1 ; 294,4 ; 300
963 ; 1 ; 192,6 ; 300
209 ; 1 ; 41,8 ; 300
2120 ; 2 ; 424 ; 300
1306 ; 1 ; 261,2 ; 300
2427 ; 2 ; 485,4 ; 300
1336 ; 1 ; 267,2 ; 300
1278 ; 1 ; 255,6 ; 300
2191 ; 2 ; 438,2 ; 300
1369 ; 1 ; 273,8 ; 300
1225 ; 1 ; 245 ; 300
1267 ; 1 ; 253,4 ; 300
1309 ; 1 ; 261,8 ; 300
2280 ; 2 ; 456 ; 300
1289 ; 1 ; 257,8 ; 300
1238 ; 1 ; 247,6 ; 300
1362 ; 1 ; 272,4 ; 300
1213 ; 1 ; 242,6 ; 300
2511 ; 2 ; 502,2 ; 300
1250 ; 1 ; 250 ; 300
1399 ; 1 ; 279,8 ; 744
2741 ; 3 ; 548,2 ; 744
50 ; 3 ; 10 ; 744
97 ; 5 ; 19,4 ; 744
137 ; 7 ; 27,4 ; 744
230 ; 8 ; 46 ; 744
4897 ; 9 ; 979,4 ; 744
5340 ; 8 ; 1068 ; 744
5001 ; 7 ; 1000,2 ; 744
4590 ; 7 ; 918 ; 744
4932 ; 7 ; 986,4 ; 744
4295 ; 6 ; 859 ; 744
4668 ; 6 ; 933,6 ; 744
4182 ; 5 ; 836,4 ; 744
4032 ; 5 ; 806,4 ; 744
4292 ; 5 ; 858,4 ; 744
4104 ; 5 ; 820,8 ; 744
4522 ; 5 ; 904,4 ; 744
3885 ; 4 ; 777 ; 744
4206 ; 4 ; 841,2 ; 744
3792 ; 4 ; 758,4 ; 744
3756 ; 4 ; 751,2 ; 744
3796 ; 4 ; 759,2 ; 744
3760 ; 4 ; 752 ; 744
3636 ; 4 ; 727,2 ; 744
3851 ; 4 ; 770,2 ; 744
3702 ; 4 ; 740,4 ; 744
3598 ; 4 ; 719,6 ; 744
3937 ; 4 ; 787,4 ; 744
3684 ; 4 ; 736,8 ; 744
4126 ; 4 ; 825,2 ; 744
3904 ; 4 ; 780,8 ; 744
3776 ; 4 ; 755,2 ; 744
3691 ; 4 ; 738,2 ; 744
3786 ; 4 ; 757,2 ; 744
3661 ; 4 ; 732,2 ; 744
3757 ; 4 ; 751,4 ; 744
3791 ; 4 ; 758,2 ; 744
3610 ; 4 ; 722 ; 744
4023 ; 4 ; 804,6 ; 744
3599 ; 4 ; 719,8 ; 744
3838 ; 4 ; 767,6 ; 744
3837 ; 4 ; 767,4 ; 744
3984 ; 4 ; 796,8 ; 744
3013 ; 3 ; 602,6 ; 744
3979 ; 4 ; 795,8 ; 744
3606 ; 4 ; 721,2 ; 744
3630 ; 4 ; 726 ; 744
3809 ; 4 ; 761,8 ; 744
3583 ; 4 ; 716,6 ; 744
4047 ; 4 ; 809,4 ; 744
3440 ; 4 ; 688 ; 744
71 ; 4 ; 14,2 ; 744
555 ; 6 ; 111 ; 744
5048 ; 7 ; 1009,6 ; 744
4471 ; 6 ; 894,2 ; 744
4405 ; 6 ; 881 ; 744
4023 ; 5 ; 804,6 ; 744
4361 ; 5 ; 872,2 ; 744
3941 ; 5 ; 788,2 ; 744
4464 ; 5 ; 892,8 ; 1621
4374 ; 7 ; 874,8 ; 1621
3407 ; 9 ; 681,4 ; 1621
5941 ; 11 ; 1188,2 ; 1621
6183 ; 11 ; 1236,6 ; 1621
6086 ; 12 ; 1217,2 ; 1621
5877 ; 13 ; 1175,4 ; 1621
7163 ; 14 ; 1432,6 ; 1621
6588 ; 14 ; 1317,6 ; 1621
6812 ; 15 ; 1362,4 ; 1621
7698 ; 16 ; 1539,6 ; 1621
7265 ; 16 ; 1453 ; 1621
6636 ; 16 ; 1327,2 ; 1621
7788 ; 17 ; 1557,6 ; 1621
7452 ; 17 ; 1490,4 ; 1621
7376 ; 17 ; 1475,2 ; 1621
7858 ; 17 ; 1571,6 ; 1621
5762 ; 17 ; 1152,4 ; 1621
354 ; 19 ; 70,8 ; 1621
386 ; 23 ; 77,2 ; 1621
516 ; 26 ; 103,2 ; 1621
5049 ; 30 ; 1009,8 ; 1621
10370 ; 30 ; 2074 ; 1621
10051 ; 28 ; 2010,2 ; 1621
9227 ; 27 ; 1845,4 ; 1621
9787 ; 27 ; 1957,4 ; 1621
9079 ; 26 ; 1815,8 ; 1621
9330 ; 26 ; 1866 ; 1621
8944 ; 25 ; 1788,8 ; 1621
9266 ; 25 ; 1853,2 ; 1621
8726 ; 24 ; 1745,2 ; 1621
8931 ; 24 ; 1786,2 ; 1621
8796 ; 24 ; 1759,2 ; 1621
9148 ; 24 ; 1829,6 ; 1621
8620 ; 23 ; 1724 ; 1621
8770 ; 23 ; 1754 ; 1621
8696 ; 23 ; 1739,2 ; 1621
8666 ; 22 ; 1733,2 ; 1621
8736 ; 22 ; 1747,2 ; 1621
8937 ; 22 ; 1787,4 ; 1621
8559 ; 21 ; 1711,8 ; 1621
8647 ; 21 ; 1729,4 ; 1621
8545 ; 21 ; 1709 ; 1621
8387 ; 21 ; 1677,4 ; 1621
8422 ; 21 ; 1684,4 ; 1621
8789 ; 21 ; 1757,8 ; 1621
8432 ; 20 ; 1686,4 ; 1621
8064 ; 20 ; 1612,8 ; 1621
8420 ; 20 ; 1684 ; 1621
8128 ; 20 ; 1625,6 ; 1621
7749 ; 20 ; 1549,8 ; 1621
7803 ; 20 ; 1560,6 ; 1621
8571 ; 21 ; 1714,2 ; 1621
8114 ; 20 ; 1622,8 ; 1621
8096 ; 20 ; 1619,2 ; 1621
7910 ; 20 ; 1582 ; 1621
7828 ; 20 ; 1565,6 ; 1621
8068 ; 21 ; 1613,6 ; 1621
7806 ; 21 ; 1561,2 ; 1621
8645 ; 21 ; 1729 ; 1621
8334 ; 20 ; 1666,8 ; 2098
8919 ; 22 ; 1783,8 ; 2098
8868 ; 22 ; 1773,6 ; 2098
8774 ; 23 ; 1754,8 ; 2098
8302 ; 24 ; 1660,4 ; 2098
8667 ; 25 ; 1733,4 ; 2098
8592 ; 26 ; 1718,4 ; 2098
9748 ; 26 ; 1949,6 ; 2098
9836 ; 26 ; 1967,2 ; 2098
9077 ; 27 ; 1815,4 ; 2098
9076 ; 27 ; 1815,2 ; 2098
8918 ; 28 ; 1783,6 ; 2098
5153 ; 29 ; 1030,6 ; 2098
572 ; 32 ; 114,4 ; 2098
712 ; 37 ; 142,4 ; 2098
5753 ; 41 ; 1150,6 ; 2098
11398 ; 42 ; 2279,6 ; 2098
11019 ; 40 ; 2203,8 ; 2098
10280 ; 40 ; 2056 ; 2098
11730 ; 41 ; 2346 ; 2098
10163 ; 40 ; 2032,6 ; 2098
9485 ; 40 ; 1897 ; 2098
10878 ; 41 ; 2175,6 ; 2098
11631 ; 40 ; 2326,2 ; 2098
11848 ; 40 ; 2369,6 ; 2098
11562 ; 39 ; 2312,4 ; 2098
11543 ; 39 ; 2308,6 ; 2098
10266 ; 38 ; 2053,2 ; 2098
10959 ; 39 ; 2191,8 ; 2098
11101 ; 38 ; 2220,2 ; 2098
10714 ; 38 ; 2142,8 ; 2098
10762 ; 38 ; 2152,4 ; 2098
10895 ; 38 ; 2179 ; 2098
10860 ; 38 ; 2172 ; 2098
10107 ; 38 ; 2021,4 ; 2098
10960 ; 38 ; 2192 ; 2098
10974 ; 37 ; 2194,8 ; 2098
11385 ; 37 ; 2277 ; 2098
10910 ; 37 ; 2182 ; 2098
10044 ; 37 ; 2008,8 ; 2098
10815 ; 37 ; 2163 ; 2098
9536 ; 37 ; 1907,2 ; 2098
10580 ; 37 ; 2116 ; 2098
11030 ; 37 ; 2206 ; 2098
11549 ; 37 ; 2309,8 ; 2098
10066 ; 36 ; 2013,2 ; 2098
10261 ; 37 ; 2052,2 ; 2098
10516 ; 37 ; 2103,2 ; 2098
9571 ; 37 ; 1914,2 ; 2098
10839 ; 37 ; 2167,8 ; 2098
9831 ; 37 ; 1966,2 ; 2098
10650 ; 37 ; 2130 ; 2098
10651 ; 37 ; 2130,2 ; 2098
4818 ; 37 ; 963,6 ; 2098
733 ; 41 ; 146,6 ; 2098
1050 ; 46 ; 210 ; 2098
8587 ; 50 ; 1717,4 ; 2098
8827 ; 49 ; 1765,4 ; 2098
12442 ; 50 ; 2488,4 ; 2098
12737 ; 48 ; 2547,4 ; 2098
12466 ; 47 ; 2493,2 ; 1722
12754 ; 45 ; 2550,8 ; 1722
11886 ; 43 ; 2377,2 ; 1722
11943 ; 42 ; 2388,6 ; 1722
11409 ; 41 ; 2281,8 ; 1722
11310 ; 40 ; 2262 ; 1722
11863 ; 38 ; 2372,6 ; 1722
5081 ; 37 ; 1016,2 ; 1722
11854 ; 40 ; 2370,8 ; 1722
10934 ; 37 ; 2186,8 ; 1722
10748 ; 36 ; 2149,6 ; 1722
10671 ; 35 ; 2134,2 ; 1722
10491 ; 34 ; 2098,2 ; 1722
10051 ; 34 ; 2010,2 ; 1722
10591 ; 33 ; 2118,2 ; 1722
10332 ; 32 ; 2066,4 ; 1722
9797 ; 32 ; 1959,4 ; 1722
9430 ; 31 ; 1886 ; 1722
10000 ; 31 ; 2000 ; 1722
9517 ; 30 ; 1903,4 ; 1722
10235 ; 30 ; 2047 ; 1722
9654 ; 29 ; 1930,8 ; 1722
9376 ; 29 ; 1875,2 ; 1722
9893 ; 28 ; 1978,6 ; 1722
9605 ; 28 ; 1921 ; 1722
9531 ; 27 ; 1906,2 ; 1722
9866 ; 27 ; 1973,2 ; 1722
9014 ; 26 ; 1802,8 ; 1722
9668 ; 26 ; 1933,6 ; 1722
9378 ; 26 ; 1875,6 ; 1722
9773 ; 26 ; 1954,6 ; 1722
8950 ; 25 ; 1790 ; 1722
9078 ; 25 ; 1815,6 ; 1722
9293 ; 25 ; 1858,6 ; 1722
9232 ; 24 ; 1846,4 ; 1722
9506 ; 24 ; 1901,2 ; 1722
8872 ; 24 ; 1774,4 ; 1722
8837 ; 24 ; 1767,4 ; 1722
8191 ; 24 ; 1638,2 ; 1722
8399 ; 24 ; 1679,8 ; 1722
8402 ; 24 ; 1680,4 ; 1722
9070 ; 24 ; 1814 ; 1722
9124 ; 24 ; 1824,8 ; 1722
9586 ; 24 ; 1917,2 ; 1722
8381 ; 23 ; 1676,2 ; 1722
8802 ; 23 ; 1760,4 ; 1722
9438 ; 23 ; 1887,6 ; 1722
8491 ; 23 ; 1698,2 ; 1722
9179 ; 23 ; 1835,8 ; 1722
8788 ; 23 ; 1757,6 ; 1722
9223 ; 23 ; 1844,6 ; 1722
9395 ; 22 ; 1879 ; 1722
9125 ; 22 ; 1825 ; 1722
8625 ; 22 ; 1725 ; 1722
8793 ; 22 ; 1758,6 ; 1722
8705 ; 22 ; 1741 ; 1722
8903 ; 22 ; 1780,6 ; 1722
8979 ; 22 ; 1795,8 ; 1722
7877 ; 21 ; 1575,4 ; 1722
9254 ; 22 ; 1850,8 ; 1722