999 ; 1 ; 199,8 ; 405
1102 ; 1 ; 220,4 ; 405
1120 ; 1 ; 224 ; 405
1103 ; 1 ; 220,6 ; 405
1144 ; 1 ; 228,8 ; 405
1110 ; 1 ; 222 ; 405
1094 ; 1 ; 218,8 ; 405
1090 ; 1 ; 218 ; 405
1077 ; 1 ; 215,4 ; 405
1080 ; 1 ; 216 ; 405
1163 ; 1 ; 232,6 ; 405
1109 ; 1 ; 221,8 ; 405
1091 ; 1 ; 218,2 ; 405
1091 ; 1 ; 218,2 ; 405
1104 ; 1 ; 220,8 ; 405
1088 ; 1 ; 217,6 ; 405
1085 ; 1 ; 217 ; 405
1100 ; 1 ; 220 ; 405
1086 ; 1 ; 217,2 ; 405
1055 ; 1 ; 211 ; 405
1097 ; 1 ; 219,4 ; 405
1086 ; 1 ; 217,2 ; 405
1129 ; 1 ; 225,8 ; 405
1072 ; 1 ; 214,4 ; 405
1103 ; 1 ; 220,6 ; 405
1053 ; 1 ; 210,6 ; 405
1108 ; 1 ; 221,6 ; 405
1106 ; 1 ; 221,2 ; 405
1036 ; 1 ; 207,2 ; 405
1111 ; 1 ; 222,2 ; 405
1093 ; 1 ; 218,6 ; 405
1066 ; 1 ; 213,2 ; 405
1083 ; 1 ; 216,6 ; 405
1103 ; 1 ; 220,6 ; 405
1193 ; 1 ; 238,6 ; 405
1093 ; 1 ; 218,6 ; 405
1117 ; 1 ; 223,4 ; 405
1080 ; 1 ; 216 ; 405
1076 ; 1 ; 215,2 ; 405
1068 ; 1 ; 213,6 ; 405
1163 ; 1 ; 232,6 ; 405
1068 ; 1 ; 213,6 ; 405
1084 ; 1 ; 216,8 ; 405
1080 ; 1 ; 216 ; 405
1070 ; 1 ; 214 ; 405
1049 ; 1 ; 209,8 ; 405
1046 ; 1 ; 209,2 ; 405
1088 ; 1 ; 217,6 ; 405
1060 ; 1 ; 212 ; 405
1130 ; 1 ; 226 ; 405
1042 ; 1 ; 208,4 ; 405
1033 ; 1 ; 206,6 ; 405
1125 ; 1 ; 225 ; 405
1048 ; 1 ; 209,6 ; 405
1048 ; 1 ; 209,6 ; 405
1045 ; 1 ; 209 ; 405
1041 ; 1 ; 208,2 ; 405
1133 ; 1 ; 226,6 ; 405
1149 ; 1 ; 229,8 ; 405
1019 ; 1 ; 203,8 ; 405
1049 ; 1 ; 209,8 ; 1536
3086 ; 3 ; 617,2 ; 1536
6397 ; 5 ; 1279,4 ; 1536
7850 ; 6 ; 1570 ; 1536
7134 ; 6 ; 1426,8 ; 1536
6917 ; 6 ; 1383,4 ; 1536
7436 ; 6 ; 1487,2 ; 1536
7458 ; 6 ; 1491,6 ; 1536
5801 ; 6 ; 1160,2 ; 1536
7085 ; 8 ; 1417 ; 1536
8079 ; 8 ; 1615,8 ; 1536
8650 ; 8 ; 1730 ; 1536
8271 ; 8 ; 1654,2 ; 1536
8168 ; 8 ; 1633,6 ; 1536
8525 ; 8 ; 1705 ; 1536
8933 ; 8 ; 1786,6 ; 1536
7700 ; 8 ; 1540 ; 1536
8573 ; 8 ; 1714,6 ; 1536
8041 ; 8 ; 1608,2 ; 1536
8707 ; 8 ; 1741,4 ; 1536
7256 ; 7 ; 1451,2 ; 1536
6409 ; 7 ; 1281,8 ; 1536
6894 ; 7 ; 1378,8 ; 1536
7920 ; 7 ; 1584 ; 1536
7695 ; 7 ; 1539 ; 1536
7781 ; 7 ; 1556,2 ; 1536
8368 ; 7 ; 1673,6 ; 1536
6285 ; 7 ; 1257 ; 1536
8730 ; 8 ; 1746 ; 1536
7904 ; 8 ; 1580,8 ; 1536
7685 ; 8 ; 1537 ; 1536
7961 ; 8 ; 1592,2 ; 1536
7640 ; 8 ; 1528 ; 1536
7900 ; 8 ; 1580 ; 1536
7334 ; 8 ; 1466,8 ; 1536
7347 ; 8 ; 1469,4 ; 1536
8218 ; 8 ; 1643,6 ; 1536
7763 ; 8 ; 1552,6 ; 1536
7464 ; 8 ; 1492,8 ; 1536
7886 ; 8 ; 1577,2 ; 1536
7632 ; 8 ; 1526,4 ; 1536
7350 ; 8 ; 1470 ; 1536
7779 ; 8 ; 1555,8 ; 1536
7783 ; 8 ; 1556,6 ; 1536
7408 ; 8 ; 1481,6 ; 1536
7967 ; 8 ; 1593,4 ; 1536
7697 ; 8 ; 1539,4 ; 1536
7565 ; 8 ; 1513 ; 1536
7954 ; 8 ; 1590,8 ; 1536
8413 ; 8 ; 1682,6 ; 1536
7672 ; 8 ; 1534,4 ; 1536
8315 ; 8 ; 1663 ; 1536
8007 ; 8 ; 1601,4 ; 1536
8066 ; 8 ; 1613,2 ; 1536
4419 ; 8 ; 883,8 ; 1536
3272 ; 9 ; 654,4 ; 1536
8487 ; 11 ; 1697,4 ; 1536
8603 ; 11 ; 1720,6 ; 1536
8814 ; 11 ; 1762,8 ; 1536
8789 ; 11 ; 1757,8 ; 1536
8748 ; 11 ; 1749,6 ; 2918
9923 ; 13 ; 1984,6 ; 2918
10204 ; 14 ; 2040,8 ; 2918
462 ; 17 ; 92,4 ; 2918
413 ; 22 ; 82,6 ; 2918
13322 ; 28 ; 2664,4 ; 2918
14342 ; 31 ; 2868,4 ; 2918
14267 ; 31 ; 2853,4 ; 2918
14508 ; 31 ; 2901,6 ; 2918
15034 ; 31 ; 3006,8 ; 2918
14718 ; 31 ; 2943,6 ; 2918
14280 ; 31 ; 2856 ; 2918
13214 ; 31 ; 2642,8 ; 2918
14472 ; 33 ; 2894,4 ; 2918
14884 ; 33 ; 2976,8 ; 2918
13582 ; 33 ; 2716,4 ; 2918
15053 ; 34 ; 3010,6 ; 2918
13435 ; 34 ; 2687 ; 2918
14949 ; 34 ; 2989,8 ; 2918
14925 ; 34 ; 2985 ; 2918
14664 ; 34 ; 2932,8 ; 2918
14643 ; 34 ; 2928,6 ; 2918
14494 ; 34 ; 2898,8 ; 2918
14475 ; 34 ; 2895 ; 2918
15111 ; 34 ; 3022,2 ; 2918
13379 ; 34 ; 2675,8 ; 2918
14399 ; 35 ; 2879,8 ; 2918
14350 ; 35 ; 2870 ; 2918
14848 ; 35 ; 2969,6 ; 2918
14179 ; 35 ; 2835,8 ; 2918
16177 ; 35 ; 3235,4 ; 2918
15806 ; 34 ; 3161,2 ; 2918
15482 ; 34 ; 3096,4 ; 2918
15076 ; 34 ; 3015,2 ; 2918
14284 ; 34 ; 2856,8 ; 2918
14003 ; 34 ; 2800,6 ; 2918
15927 ; 34 ; 3185,4 ; 2918
15473 ; 33 ; 3094,6 ; 2918
15131 ; 33 ; 3026,2 ; 2918
14546 ; 33 ; 2909,2 ; 2918
13286 ; 33 ; 2657,2 ; 2918
14987 ; 33 ; 2997,4 ; 2918
14844 ; 33 ; 2968,8 ; 2918
15839 ; 33 ; 3167,8 ; 2918
14727 ; 33 ; 2945,4 ; 2918
15380 ; 33 ; 3076 ; 2918
14693 ; 33 ; 2938,6 ; 2918
14753 ; 33 ; 2950,6 ; 2918
15851 ; 33 ; 3170,2 ; 2918
15629 ; 33 ; 3125,8 ; 2918
13498 ; 32 ; 2699,6 ; 2918
13809 ; 32 ; 2761,8 ; 2918
14169 ; 32 ; 2833,8 ; 2918
14097 ; 32 ; 2819,4 ; 2918
13035 ; 32 ; 2607 ; 2918
15300 ; 33 ; 3060 ; 2918
15166 ; 33 ; 3033,2 ; 2918
14610 ; 33 ; 2922 ; 2918
14171 ; 33 ; 2834,2 ; 2918
15109 ; 33 ; 3021,8 ; 2918
14151 ; 33 ; 2830,2 ; 3238
15480 ; 34 ; 3096 ; 3238
14288 ; 34 ; 2857,6 ; 3238
15346 ; 35 ; 3069,2 ; 3238
14861 ; 35 ; 2972,2 ; 3238
13796 ; 35 ; 2759,2 ; 3238
15135 ; 36 ; 3027 ; 3238
15645 ; 37 ; 3129 ; 3238
16273 ; 37 ; 3254,6 ; 3238
15304 ; 37 ; 3060,8 ; 3238
15682 ; 37 ; 3136,4 ; 3238
15304 ; 37 ; 3060,8 ; 3238
14501 ; 37 ; 2900,2 ; 3238
14959 ; 38 ; 2991,8 ; 3238
14950 ; 39 ; 2990 ; 3238
15304 ; 39 ; 3060,8 ; 3238
15244 ; 39 ; 3048,8 ; 3238
14142 ; 39 ; 2828,4 ; 3238
15618 ; 40 ; 3123,6 ; 3238
15026 ; 40 ; 3005,2 ; 3238
15798 ; 41 ; 3159,6 ; 3238
17028 ; 41 ; 3405,6 ; 3238
14682 ; 41 ; 2936,4 ; 3238
15978 ; 42 ; 3195,6 ; 3238
15643 ; 42 ; 3128,6 ; 3238
17074 ; 42 ; 3414,8 ; 3238
16826 ; 42 ; 3365,2 ; 3238
14462 ; 42 ; 2892,4 ; 3238
13741 ; 43 ; 2748,2 ; 3238
15476 ; 43 ; 3095,2 ; 3238
16533 ; 43 ; 3306,6 ; 3238
16662 ; 43 ; 3332,4 ; 3238
16326 ; 43 ; 3265,2 ; 3238
16682 ; 43 ; 3336,4 ; 3238
16403 ; 43 ; 3280,6 ; 3238
17457 ; 43 ; 3491,4 ; 3238
16819 ; 44 ; 3363,8 ; 3238
16038 ; 44 ; 3207,6 ; 3238
17531 ; 44 ; 3506,2 ; 3238
16618 ; 43 ; 3323,6 ; 3238
16983 ; 43 ; 3396,6 ; 3238
16971 ; 43 ; 3394,2 ; 3238
17591 ; 43 ; 3518,2 ; 3238
16834 ; 42 ; 3366,8 ; 3238
16533 ; 42 ; 3306,6 ; 3238
16893 ; 42 ; 3378,6 ; 3238
16852 ; 42 ; 3370,4 ; 3238
17325 ; 42 ; 3465 ; 3238
17313 ; 42 ; 3462,6 ; 3238
16315 ; 41 ; 3263 ; 3238
17199 ; 41 ; 3439,8 ; 3238
15133 ; 41 ; 3026,6 ; 3238
16207 ; 41 ; 3241,4 ; 3238
17289 ; 41 ; 3457,8 ; 3238
16768 ; 41 ; 3353,6 ; 3238
16380 ; 41 ; 3276 ; 3238
16605 ; 41 ; 3321 ; 3238
16816 ; 41 ; 3363,2 ; 3238
16636 ; 41 ; 3327,2 ; 3238
17457 ; 41 ; 3491,4 ; 3238
16490 ; 40 ; 3298 ; 2194
16821 ; 38 ; 3364,2 ; 2194
16591 ; 36 ; 3318,2 ; 2194
16003 ; 33 ; 3200,6 ; 2194
15349 ; 30 ; 3069,8 ; 2194
14841 ; 28 ; 2968,2 ; 2194
14054 ; 26 ; 2810,8 ; 2194
9815 ; 24 ; 1963 ; 2194
10232 ; 24 ; 2046,4 ; 2194
10010 ; 24 ; 2002 ; 2194
10097 ; 24 ; 2019,4 ; 2194
10074 ; 24 ; 2014,8 ; 2194
10071 ; 24 ; 2014,2 ; 2194
10170 ; 24 ; 2034 ; 2194
9934 ; 24 ; 1986,8 ; 2194
9847 ; 24 ; 1969,4 ; 2194
9598 ; 24 ; 1919,6 ; 2194
3933 ; 25 ; 786,6 ; 2194
10304 ; 28 ; 2060,8 ; 2194
13950 ; 28 ; 2790 ; 2194
6976 ; 28 ; 1395,2 ; 2194
12388 ; 29 ; 2477,6 ; 2194
9892 ; 29 ; 1978,4 ; 2194
10841 ; 29 ; 2168,2 ; 2194
9653 ; 29 ; 1930,6 ; 2194
13203 ; 30 ; 2640,6 ; 2194
6464 ; 29 ; 1292,8 ; 2194
11634 ; 31 ; 2326,8 ; 2194
9985 ; 31 ; 1997 ; 2194
12024 ; 31 ; 2404,8 ; 2194
10105 ; 31 ; 2021 ; 2194
10105 ; 31 ; 2021 ; 2194
10088 ; 31 ; 2017,6 ; 2194
10089 ; 31 ; 2017,8 ; 2194
10094 ; 31 ; 2018,8 ; 2194
10091 ; 31 ; 2018,2 ; 2194
10076 ; 31 ; 2015,2 ; 2194
10097 ; 31 ; 2019,4 ; 2194
9993 ; 31 ; 1998,6 ; 2194
10063 ; 31 ; 2012,6 ; 2194
10136 ; 31 ; 2027,2 ; 2194
10042 ; 31 ; 2008,4 ; 2194
10140 ; 31 ; 2028 ; 2194
10094 ; 31 ; 2018,8 ; 2194
9871 ; 31 ; 1974,2 ; 2194
10611 ; 31 ; 2122,2 ; 2194
8234 ; 31 ; 1646,8 ; 2194
10894 ; 32 ; 2178,8 ; 2194
6699 ; 32 ; 1339,8 ; 2194
11356 ; 34 ; 2271,2 ; 2194
12856 ; 34 ; 2571,2 ; 2194
8148 ; 34 ; 1629,6 ; 2194
9452 ; 35 ; 1890,4 ; 2194
7419 ; 35 ; 1483,8 ; 2194
10725 ; 37 ; 2145 ; 2194
10605 ; 37 ; 2121 ; 2194
5780 ; 37 ; 1156 ; 2194
10504 ; 39 ; 2100,8 ; 2194
10007 ; 39 ; 2001,4 ; 2194
12806 ; 39 ; 2561,2 ; 2194
7283 ; 39 ; 1456,6 ; 775
9507 ; 38 ; 1901,4 ; 775
10720 ; 36 ; 2144 ; 775
11751 ; 33 ; 2350,2 ; 775
16116 ; 30 ; 3223,2 ; 775
14030 ; 24 ; 2806 ; 775
2697 ; 19 ; 539,4 ; 775
9004 ; 18 ; 1800,8 ; 775
9931 ; 15 ; 1986,2 ; 775
11084 ; 13 ; 2216,8 ; 775
9790 ; 10 ; 1958 ; 775
8362 ; 7 ; 1672,4 ; 775
5960 ; 4 ; 1192 ; 775
2493 ; 2 ; 498,6 ; 775
2142 ; 2 ; 428,4 ; 775
3074 ; 3 ; 614,8 ; 775
3159 ; 3 ; 631,8 ; 775
3195 ; 3 ; 639 ; 775
3390 ; 3 ; 678 ; 775
3265 ; 3 ; 653 ; 775
3262 ; 3 ; 652,4 ; 775
3517 ; 3 ; 703,4 ; 775
3160 ; 3 ; 632 ; 775
3097 ; 3 ; 619,4 ; 775
3280 ; 3 ; 656 ; 775
3121 ; 3 ; 624,2 ; 775
3101 ; 3 ; 620,2 ; 775
3039 ; 3 ; 607,8 ; 775
4446 ; 3 ; 889,2 ; 775
3290 ; 3 ; 658 ; 775
3397 ; 3 ; 679,4 ; 775
3068 ; 3 ; 613,6 ; 775
3054 ; 3 ; 610,8 ; 775
3265 ; 3 ; 653 ; 775
3286 ; 3 ; 657,2 ; 775
3470 ; 3 ; 694 ; 775
3147 ; 3 ; 629,4 ; 775
3172 ; 3 ; 634,4 ; 775
3300 ; 3 ; 660 ; 775
3524 ; 3 ; 704,8 ; 775
3259 ; 3 ; 651,8 ; 775
2982 ; 3 ; 596,4 ; 775
3024 ; 3 ; 604,8 ; 775
3058 ; 3 ; 611,6 ; 775
3226 ; 3 ; 645,2 ; 775
2961 ; 3 ; 592,2 ; 775
2938 ; 3 ; 587,6 ; 775
3452 ; 3 ; 690,4 ; 775
4157 ; 3 ; 831,4 ; 775
4083 ; 3 ; 816,6 ; 775
3245 ; 3 ; 649 ; 775
3950 ; 3 ; 790 ; 775
3744 ; 3 ; 748,8 ; 775
3852 ; 3 ; 770,4 ; 775
3442 ; 3 ; 688,4 ; 775
1964 ; 3 ; 392,8 ; 775
2785 ; 4 ; 557 ; 775
2336 ; 4 ; 467,2 ; 775
3026 ; 5 ; 605,2 ; 775
2497 ; 5 ; 499,4 ; 775
3452 ; 6 ; 690,4 ; 330
2837 ; 5 ; 567,4 ; 330
2864 ; 5 ; 572,8 ; 330
2435 ; 4 ; 487 ; 330
2474 ; 4 ; 494,8 ; 330
2384 ; 4 ; 476,8 ; 330
2681 ; 4 ; 536,2 ; 330
2286 ; 4 ; 457,2 ; 330
2446 ; 4 ; 489,2 ; 330
2681 ; 4 ; 536,2 ; 330
2135 ; 3 ; 427 ; 330
2130 ; 3 ; 426 ; 330
2217 ; 3 ; 443,4 ; 330
2112 ; 3 ; 422,4 ; 330
2264 ; 3 ; 452,8 ; 330
2055 ; 3 ; 411 ; 330
2021 ; 3 ; 404,2 ; 330
1800 ; 3 ; 360 ; 330
2026 ; 3 ; 405,2 ; 330
2264 ; 3 ; 452,8 ; 330
1975 ; 3 ; 395 ; 330
2033 ; 3 ; 406,6 ; 330
2073 ; 3 ; 414,6 ; 330
1891 ; 3 ; 378,2 ; 330
2008 ; 3 ; 401,6 ; 330
1901 ; 3 ; 380,2 ; 330
2359 ; 3 ; 471,8 ; 330
2020 ; 3 ; 404 ; 330
1970 ; 3 ; 394 ; 330
1660 ; 3 ; 332 ; 330
2146 ; 3 ; 429,2 ; 330
2448 ; 3 ; 489,6 ; 330
1938 ; 3 ; 387,6 ; 330
1844 ; 3 ; 368,8 ; 330
2155 ; 3 ; 431 ; 330
1991 ; 3 ; 398,2 ; 330
2270 ; 3 ; 454 ; 330
1827 ; 3 ; 365,4 ; 330
2022 ; 3 ; 404,4 ; 330
2067 ; 3 ; 413,4 ; 330
1823 ; 3 ; 364,6 ; 330
2073 ; 3 ; 414,6 ; 330
1880 ; 3 ; 376 ; 330
1660 ; 3 ; 332 ; 330
1314 ; 3 ; 262,8 ; 330
832 ; 3 ; 166,4 ; 330
1793 ; 3 ; 358,6 ; 330
2162 ; 3 ; 432,4 ; 330
1987 ; 3 ; 397,4 ; 330
2094 ; 3 ; 418,8 ; 330
1869 ; 3 ; 373,8 ; 330
1806 ; 3 ; 361,2 ; 330
2172 ; 3 ; 434,4 ; 330
1708 ; 3 ; 341,6 ; 330
2040 ; 3 ; 408 ; 330
2368 ; 3 ; 473,6 ; 330
1955 ; 3 ; 391 ; 330
1923 ; 3 ; 384,6 ; 330
2262 ; 3 ; 452,4 ; 330
2178 ; 3 ; 435,6 ; 330
1921 ; 3 ; 384,2 ; 1280
2582 ; 4 ; 516,4 ; 1280
4145 ; 6 ; 829 ; 1280
4374 ; 7 ; 874,8 ; 1280
6189 ; 9 ; 1237,8 ; 1280
6580 ; 9 ; 1316 ; 1280
7114 ; 9 ; 1422,8 ; 1280
6273 ; 9 ; 1254,6 ; 1280
6172 ; 9 ; 1234,4 ; 1280
7408 ; 9 ; 1481,6 ; 1280
6277 ; 9 ; 1255,4 ; 1280
201 ; 9 ; 40,2 ; 1280
207 ; 11 ; 41,4 ; 1280
271 ; 13 ; 54,2 ; 1280
319 ; 16 ; 63,8 ; 1280
2693 ; 19 ; 538,6 ; 1280
10809 ; 21 ; 2161,8 ; 1280
9661 ; 21 ; 1932,2 ; 1280
11297 ; 20 ; 2259,4 ; 1280
10402 ; 18 ; 2080,4 ; 1280
9212 ; 16 ; 1842,4 ; 1280
8812 ; 14 ; 1762,4 ; 1280
7543 ; 13 ; 1508,6 ; 1280
7498 ; 12 ; 1499,6 ; 1280
8512 ; 11 ; 1702,4 ; 1280
7957 ; 10 ; 1591,4 ; 1280
7460 ; 9 ; 1492 ; 1280
7414 ; 9 ; 1482,8 ; 1280
7354 ; 8 ; 1470,8 ; 1280
6641 ; 8 ; 1328,2 ; 1280
7657 ; 8 ; 1531,4 ; 1280
7030 ; 8 ; 1406 ; 1280
5870 ; 8 ; 1174 ; 1280
5816 ; 8 ; 1163,2 ; 1280
6460 ; 8 ; 1292 ; 1280
5709 ; 8 ; 1141,8 ; 1280
6944 ; 8 ; 1388,8 ; 1280
6865 ; 8 ; 1373 ; 1280
6590 ; 8 ; 1318 ; 1280
7057 ; 8 ; 1411,4 ; 1280
7149 ; 8 ; 1429,8 ; 1280
6872 ; 8 ; 1374,4 ; 1280
6762 ; 8 ; 1352,4 ; 1280
6568 ; 8 ; 1313,6 ; 1280
6339 ; 8 ; 1267,8 ; 1280
6695 ; 8 ; 1339 ; 1280
7155 ; 8 ; 1431 ; 1280
6415 ; 8 ; 1283 ; 1280
6669 ; 8 ; 1333,8 ; 1280
6886 ; 8 ; 1377,2 ; 1280
6863 ; 8 ; 1372,6 ; 1280
6572 ; 8 ; 1314,4 ; 1280
6751 ; 8 ; 1350,2 ; 1280
6593 ; 8 ; 1318,6 ; 1280
6491 ; 8 ; 1298,2 ; 1280
7143 ; 8 ; 1428,6 ; 1280
6290 ; 8 ; 1258 ; 1280
7001 ; 8 ; 1400,2 ; 1280
6762 ; 8 ; 1352,4 ; 1280
6362 ; 8 ; 1272,4 ; 1280
6419 ; 8 ; 1283,8 ; 2724
7793 ; 10 ; 1558,6 ; 2724
8002 ; 12 ; 1600,4 ; 2724
9722 ; 15 ; 1944,4 ; 2724
9516 ; 17 ; 1903,2 ; 2724
10333 ; 19 ; 2066,6 ; 2724
10904 ; 21 ; 2180,8 ; 2724
10970 ; 23 ; 2194 ; 2724
12019 ; 24 ; 2403,8 ; 2724
777 ; 25 ; 155,4 ; 2724
535 ; 30 ; 107 ; 2724
695 ; 35 ; 139 ; 2724
13425 ; 41 ; 2685 ; 2724
13742 ; 41 ; 2748,4 ; 2724
14657 ; 41 ; 2931,4 ; 2724
14022 ; 45 ; 2804,4 ; 2724
14851 ; 45 ; 2970,2 ; 2724
14683 ; 44 ; 2936,6 ; 2724
14315 ; 44 ; 2863 ; 2724
14613 ; 44 ; 2922,6 ; 2724
14709 ; 44 ; 2941,8 ; 2724
14096 ; 43 ; 2819,2 ; 2724
13360 ; 43 ; 2672 ; 2724
14450 ; 43 ; 2890 ; 2724
14287 ; 43 ; 2857,4 ; 2724
14385 ; 43 ; 2877 ; 2724
15132 ; 43 ; 3026,4 ; 2724
13876 ; 42 ; 2775,2 ; 2724
13509 ; 42 ; 2701,8 ; 2724
14122 ; 42 ; 2824,4 ; 2724
14757 ; 42 ; 2951,4 ; 2724
13933 ; 42 ; 2786,6 ; 2724
14251 ; 42 ; 2850,2 ; 2724
14403 ; 42 ; 2880,6 ; 2724
14112 ; 42 ; 2822,4 ; 2724
14486 ; 42 ; 2897,2 ; 2724
14269 ; 42 ; 2853,8 ; 2724
15434 ; 42 ; 3086,8 ; 2724
14376 ; 41 ; 2875,2 ; 2724
12945 ; 41 ; 2589 ; 2724
13105 ; 41 ; 2621 ; 2724
14413 ; 41 ; 2882,6 ; 2724
13993 ; 41 ; 2798,6 ; 2724
14358 ; 41 ; 2871,6 ; 2724
14410 ; 41 ; 2882 ; 2724
12632 ; 41 ; 2526,4 ; 2724
14297 ; 41 ; 2859,4 ; 2724
14866 ; 41 ; 2973,2 ; 2724
13848 ; 40 ; 2769,6 ; 2724
14357 ; 40 ; 2871,4 ; 2724
13922 ; 40 ; 2784,4 ; 2724
14301 ; 40 ; 2860,2 ; 2724
854 ; 40 ; 170,8 ; 2724
748 ; 44 ; 149,6 ; 2724
964 ; 49 ; 192,8 ; 2724
14322 ; 55 ; 2864,4 ; 2724
15645 ; 55 ; 3129 ; 2724
16187 ; 58 ; 3237,4 ; 2724
16627 ; 57 ; 3325,4 ; 2724
16153 ; 56 ; 3230,6 ; 2724
15311 ; 55 ; 3062,2 ; 3291
15743 ; 55 ; 3148,6 ; 3291
8609 ; 55 ; 1721,8 ; 3291
15118 ; 57 ; 3023,6 ; 3291
15715 ; 58 ; 3143 ; 3291
15677 ; 58 ; 3135,4 ; 3291
15650 ; 58 ; 3130 ; 3291
16285 ; 58 ; 3257 ; 3291
16062 ; 58 ; 3212,4 ; 3291
16344 ; 58 ; 3268,8 ; 3291
8664 ; 58 ; 1732,8 ; 3291
16456 ; 62 ; 3291,2 ; 3291
17019 ; 62 ; 3403,8 ; 3291
16575 ; 62 ; 3315 ; 3291
16300 ; 62 ; 3260 ; 3291
13942 ; 62 ; 2788,4 ; 3291
16297 ; 64 ; 3259,4 ; 3291
16901 ; 64 ; 3380,2 ; 3291
8710 ; 64 ; 1742 ; 3291
14811 ; 67 ; 2962,2 ; 3291
16978 ; 68 ; 3395,6 ; 3291
16434 ; 68 ; 3286,8 ; 3291
16629 ; 68 ; 3325,8 ; 3291
17610 ; 68 ; 3522 ; 3291
16409 ; 68 ; 3281,8 ; 3291
13781 ; 68 ; 2756,2 ; 3291
16661 ; 69 ; 3332,2 ; 3291
16785 ; 69 ; 3357 ; 3291
10174 ; 69 ; 2034,8 ; 3291
14693 ; 72 ; 2938,6 ; 3291
17548 ; 73 ; 3509,6 ; 3291
17781 ; 73 ; 3556,2 ; 3291
17612 ; 73 ; 3522,4 ; 3291
17671 ; 72 ; 3534,2 ; 3291
17588 ; 72 ; 3517,6 ; 3291
10376 ; 71 ; 2075,2 ; 3291
16264 ; 73 ; 3252,8 ; 3291
17586 ; 73 ; 3517,2 ; 3291
16953 ; 73 ; 3390,6 ; 3291
17305 ; 73 ; 3461 ; 3291
15811 ; 73 ; 3162,2 ; 3291
16936 ; 73 ; 3387,2 ; 3291
16800 ; 73 ; 3360 ; 3291
16027 ; 73 ; 3205,4 ; 3291
14193 ; 73 ; 2838,6 ; 3291
10567 ; 74 ; 2113,4 ; 3291
5609 ; 76 ; 1121,8 ; 3291
17075 ; 80 ; 3415 ; 3291
14790 ; 80 ; 2958 ; 3291
18549 ; 83 ; 3709,8 ; 3291
14542 ; 82 ; 2908,4 ; 3291
12818 ; 83 ; 2563,6 ; 3291
11957 ; 84 ; 2391,4 ; 3291
12285 ; 86 ; 2457 ; 3291
11469 ; 88 ; 2293,8 ; 3291
7791 ; 91 ; 1558,2 ; 3291
18714 ; 94 ; 3742,8 ; 3291
18416 ; 94 ; 3683,2 ; 3291
19800 ; 95 ; 3960 ; 3291
19166 ; 93 ; 3833,2 ; 3291
18252 ; 92 ; 3650,4 ; 2442
18960 ; 89 ; 3792 ; 2442
15875 ; 87 ; 3175 ; 2442
10993 ; 84 ; 2198,6 ; 2442
18739 ; 84 ; 3747,8 ; 2442
18096 ; 81 ; 3619,2 ; 2442
17847 ; 79 ; 3569,4 ; 2442
18177 ; 76 ; 3635,4 ; 2442
17043 ; 73 ; 3408,6 ; 2442
17668 ; 71 ; 3533,6 ; 2442
17130 ; 68 ; 3426 ; 2442
16215 ; 65 ; 3243 ; 2442
14806 ; 63 ; 2961,2 ; 2442
8080 ; 62 ; 1616 ; 2442
16507 ; 62 ; 3301,4 ; 2442
16375 ; 61 ; 3275 ; 2442
15960 ; 60 ; 3192 ; 2442
16044 ; 58 ; 3208,8 ; 2442
15747 ; 56 ; 3149,4 ; 2442
15419 ; 54 ; 3083,8 ; 2442
14893 ; 52 ; 2978,6 ; 2442
15109 ; 51 ; 3021,8 ; 2442
13507 ; 49 ; 2701,4 ; 2442
6594 ; 49 ; 1318,8 ; 2442
15930 ; 50 ; 3186 ; 2442
14891 ; 49 ; 2978,2 ; 2442
15189 ; 49 ; 3037,8 ; 2442
14692 ; 47 ; 2938,4 ; 2442
14485 ; 46 ; 2897 ; 2442
14108 ; 44 ; 2821,6 ; 2442
14013 ; 43 ; 2802,6 ; 2442
13982 ; 42 ; 2796,4 ; 2442
13388 ; 42 ; 2677,6 ; 2442
5490 ; 41 ; 1098 ; 2442
14385 ; 43 ; 2877 ; 2442
13992 ; 42 ; 2798,4 ; 2442
14431 ; 42 ; 2886,2 ; 2442
13691 ; 41 ; 2738,2 ; 2442
14178 ; 41 ; 2835,6 ; 2442
14209 ; 40 ; 2841,8 ; 2442
13547 ; 39 ; 2709,4 ; 2442
13265 ; 38 ; 2653 ; 2442
13217 ; 37 ; 2643,4 ; 2442
4652 ; 37 ; 930,4 ; 2442
13790 ; 39 ; 2758 ; 2442
13090 ; 39 ; 2618 ; 2442
13954 ; 39 ; 2790,8 ; 2442
13383 ; 39 ; 2676,6 ; 2442
13258 ; 38 ; 2651,6 ; 2442
13610 ; 38 ; 2722 ; 2442
13099 ; 37 ; 2619,8 ; 2442
4711 ; 37 ; 942,2 ; 2442
13512 ; 39 ; 2702,4 ; 2442
12989 ; 39 ; 2597,8 ; 2442
13214 ; 39 ; 2642,8 ; 2442
14175 ; 39 ; 2835 ; 2442
12602 ; 39 ; 2520,4 ; 2442
6323 ; 39 ; 1264,6 ; 2442
13381 ; 40 ; 2676,2 ; 2442
13374 ; 40 ; 2674,8 ; 2442
13493 ; 40 ; 2698,6 ; 984
13486 ; 37 ; 2697,2 ; 984
12577 ; 34 ; 2515,4 ; 984
12334 ; 30 ; 2466,8 ; 984
11593 ; 26 ; 2318,6 ; 984
10737 ; 23 ; 2147,4 ; 984
10168 ; 20 ; 2033,6 ; 984
9482 ; 17 ; 1896,4 ; 984
9103 ; 14 ; 1820,6 ; 984
8471 ; 12 ; 1694,2 ; 984
7729 ; 10 ; 1545,8 ; 984
7329 ; 9 ; 1465,8 ; 984
6482 ; 7 ; 1296,4 ; 984
5714 ; 6 ; 1142,8 ; 984
5997 ; 6 ; 1199,4 ; 984
5534 ; 5 ; 1106,8 ; 984
5719 ; 5 ; 1143,8 ; 984
5651 ; 5 ; 1130,2 ; 984
5812 ; 5 ; 1162,4 ; 984
5331 ; 5 ; 1066,2 ; 984
5410 ; 5 ; 1082 ; 984
5392 ; 5 ; 1078,4 ; 984
5312 ; 5 ; 1062,4 ; 984
5633 ; 5 ; 1126,6 ; 984
3126 ; 5 ; 625,2 ; 984
5829 ; 6 ; 1165,8 ; 984
5931 ; 6 ; 1186,2 ; 984
5756 ; 6 ; 1151,2 ; 984
5598 ; 6 ; 1119,6 ; 984
6673 ; 6 ; 1334,6 ; 984
5082 ; 5 ; 1016,4 ; 984
5507 ; 5 ; 1101,4 ; 984
5657 ; 5 ; 1131,4 ; 984
5262 ; 5 ; 1052,4 ; 984
5425 ; 5 ; 1085 ; 984
5842 ; 5 ; 1168,4 ; 984
5391 ; 5 ; 1078,2 ; 984
5227 ; 5 ; 1045,4 ; 984
5455 ; 5 ; 1091 ; 984
5345 ; 5 ; 1069 ; 984
5751 ; 5 ; 1150,2 ; 984
5077 ; 5 ; 1015,4 ; 984
5205 ; 5 ; 1041 ; 984
5003 ; 5 ; 1000,6 ; 984
5318 ; 5 ; 1063,6 ; 984
5269 ; 5 ; 1053,8 ; 984
5055 ; 5 ; 1011 ; 984
5828 ; 5 ; 1165,6 ; 984
5197 ; 5 ; 1039,4 ; 984
5395 ; 5 ; 1079 ; 984
5460 ; 5 ; 1092 ; 984
5063 ; 5 ; 1012,6 ; 984
5587 ; 5 ; 1117,4 ; 984
5427 ; 5 ; 1085,4 ; 984
5281 ; 5 ; 1056,2 ; 984
5011 ; 5 ; 1002,2 ; 984
5505 ; 5 ; 1101 ; 984
5091 ; 5 ; 1018,2 ; 984
5531 ; 5 ; 1106,2 ; 984
5132 ; 5 ; 1026,4 ; 984
5295 ; 5 ; 1059 ; 300
3917 ; 3 ; 783,4 ; 300
2750 ; 2 ; 550 ; 300
1468 ; 1 ; 293,6 ; 300
1463 ; 1 ; 292,6 ; 300
1630 ; 1 ; 326 ; 300
1525 ; 1 ; 305 ; 300
1666 ; 1 ; 333,2 ; 300
1537 ; 1 ; 307,4 ; 300
1601 ; 1 ; 320,2 ; 300
1517 ; 1 ; 303,4 ; 300
1653 ; 1 ; 330,6 ; 300
1561 ; 1 ; 312,2 ; 300
1515 ; 1 ; 303 ; 300
1653 ; 1 ; 330,6 ; 300
1491 ; 1 ; 298,2 ; 300
1529 ; 1 ; 305,8 ; 300
1568 ; 1 ; 313,6 ; 300
1440 ; 1 ; 288 ; 300
1650 ; 1 ; 330 ; 300
1529 ; 1 ; 305,8 ; 300
1622 ; 1 ; 324,4 ; 300
1670 ; 1 ; 334 ; 300
1562 ; 1 ; 312,4 ; 300
1533 ; 1 ; 306,6 ; 300
1534 ; 1 ; 306,8 ; 300
1623 ; 1 ; 324,6 ; 300
1519 ; 1 ; 303,8 ; 300
1658 ; 1 ; 331,6 ; 300
1529 ; 1 ; 305,8 ; 300
300 ; 1 ; 60 ; 300
20 ; 1 ; 4 ; 300
41 ; 2 ; 8,2 ; 300
59 ; 3 ; 11,8 ; 300
637 ; 3 ; 127,4 ; 300
4064 ; 3 ; 812,8 ; 300
4058 ; 3 ; 811,6 ; 300
3052 ; 2 ; 610,4 ; 300
1631 ; 1 ; 326,2 ; 300
1622 ; 1 ; 324,4 ; 300
1578 ; 1 ; 315,6 ; 300
1623 ; 1 ; 324,6 ; 300
35 ; 1 ; 7 ; 300
1680 ; 1 ; 336 ; 300
1645 ; 1 ; 329 ; 300
1608 ; 1 ; 321,6 ; 300
1577 ; 1 ; 315,4 ; 300
1609 ; 1 ; 321,8 ; 300
1617 ; 1 ; 323,4 ; 300
1572 ; 1 ; 314,4 ; 300
1604 ; 1 ; 320,8 ; 300
1590 ; 1 ; 318 ; 300
1559 ; 1 ; 311,8 ; 300
1667 ; 1 ; 333,4 ; 300
1614 ; 1 ; 322,8 ; 300
1507 ; 1 ; 301,4 ; 300
1595 ; 1 ; 319 ; 300
1574 ; 1 ; 314,8 ; 300
1575 ; 1 ; 315 ; 300
1581 ; 1 ; 316,2 ; 300
1522 ; 1 ; 304,4 ; 1041
2867 ; 2 ; 573,4 ; 1041
3953 ; 3 ; 790,6 ; 1041
3650 ; 4 ; 730 ; 1041
5452 ; 5 ; 1090,4 ; 1041
5335 ; 5 ; 1067 ; 1041
4866 ; 5 ; 973,2 ; 1041
4822 ; 5 ; 964,4 ; 1041
4870 ; 5 ; 974 ; 1041
5409 ; 5 ; 1081,8 ; 1041
5588 ; 5 ; 1117,6 ; 1041
5387 ; 5 ; 1077,4 ; 1041
4888 ; 5 ; 977,6 ; 1041
4251 ; 5 ; 850,2 ; 1041
4438 ; 5 ; 887,6 ; 1041
5337 ; 5 ; 1067,4 ; 1041
5314 ; 5 ; 1062,8 ; 1041
5562 ; 5 ; 1112,4 ; 1041
5508 ; 5 ; 1101,6 ; 1041
5429 ; 5 ; 1085,8 ; 1041
5397 ; 5 ; 1079,4 ; 1041
5202 ; 5 ; 1040,4 ; 1041
5416 ; 5 ; 1083,2 ; 1041
5136 ; 5 ; 1027,2 ; 1041
5359 ; 5 ; 1071,8 ; 1041
5737 ; 5 ; 1147,4 ; 1041
5269 ; 5 ; 1053,8 ; 1041
5457 ; 5 ; 1091,4 ; 1041
1412 ; 5 ; 282,4 ; 1041
124 ; 7 ; 24,8 ; 1041
4199 ; 9 ; 839,8 ; 1041
7456 ; 10 ; 1491,2 ; 1041
7506 ; 10 ; 1501,2 ; 1041
6975 ; 9 ; 1395 ; 1041
6672 ; 8 ; 1334,4 ; 1041
5864 ; 7 ; 1172,8 ; 1041
6301 ; 7 ; 1260,2 ; 1041
5489 ; 6 ; 1097,8 ; 1041
6069 ; 6 ; 1213,8 ; 1041
5944 ; 6 ; 1188,8 ; 1041
5527 ; 6 ; 1105,4 ; 1041
6055 ; 6 ; 1211 ; 1041
5819 ; 6 ; 1163,8 ; 1041
6082 ; 6 ; 1216,4 ; 1041
5614 ; 6 ; 1122,8 ; 1041
5618 ; 6 ; 1123,6 ; 1041
5526 ; 6 ; 1105,2 ; 1041
5584 ; 6 ; 1116,8 ; 1041
6051 ; 6 ; 1210,2 ; 1041
5859 ; 6 ; 1171,8 ; 1041
5217 ; 6 ; 1043,4 ; 1041
5670 ; 6 ; 1134 ; 1041
5775 ; 6 ; 1155 ; 1041
5733 ; 6 ; 1146,6 ; 1041
5972 ; 6 ; 1194,4 ; 1041
5573 ; 6 ; 1114,6 ; 1041
5660 ; 6 ; 1132 ; 1041
5803 ; 6 ; 1160,6 ; 1041
6022 ; 6 ; 1204,4 ; 1041
5628 ; 6 ; 1125,6 ; 1041
3077 ; 6 ; 615,4 ; 2502
159 ; 9 ; 31,8 ; 2502
3467 ; 14 ; 693,4 ; 2502
4050 ; 18 ; 810 ; 2502
9861 ; 23 ; 1972,2 ; 2502
11112 ; 25 ; 2222,4 ; 2502
10939 ; 27 ; 2187,8 ; 2502
10955 ; 28 ; 2191 ; 2502
11886 ; 29 ; 2377,2 ; 2502
11777 ; 29 ; 2355,4 ; 2502
10856 ; 29 ; 2171,2 ; 2502
11588 ; 30 ; 2317,6 ; 2502
11125 ; 30 ; 2225 ; 2502
12055 ; 30 ; 2411 ; 2502
12303 ; 30 ; 2460,6 ; 2502
11514 ; 30 ; 2302,8 ; 2502
10981 ; 30 ; 2196,2 ; 2502
11197 ; 31 ; 2239,4 ; 2502
12086 ; 32 ; 2417,2 ; 2502
11177 ; 32 ; 2235,4 ; 2502
11253 ; 32 ; 2250,6 ; 2502
11723 ; 33 ; 2344,6 ; 2502
11886 ; 33 ; 2377,2 ; 2502
11880 ; 33 ; 2376 ; 2502
12157 ; 33 ; 2431,4 ; 2502
11661 ; 33 ; 2332,2 ; 2502
11649 ; 33 ; 2329,8 ; 2502
10940 ; 33 ; 2188 ; 2502
11914 ; 34 ; 2382,8 ; 2502
8964 ; 34 ; 1792,8 ; 2502
676 ; 35 ; 135,2 ; 2502
425 ; 39 ; 85 ; 2502
875 ; 44 ; 175 ; 2502
7294 ; 50 ; 1458,8 ; 2502
12568 ; 54 ; 2513,6 ; 2502
13378 ; 54 ; 2675,6 ; 2502
14990 ; 54 ; 2998 ; 2502
14899 ; 55 ; 2979,8 ; 2502
14953 ; 54 ; 2990,6 ; 2502
14963 ; 53 ; 2992,6 ; 2502
14304 ; 52 ; 2860,8 ; 2502
14873 ; 51 ; 2974,6 ; 2502
15071 ; 50 ; 3014,2 ; 2502
11514 ; 49 ; 2302,8 ; 2502
9220 ; 49 ; 1844 ; 2502
13530 ; 49 ; 2706 ; 2502
14330 ; 49 ; 2866 ; 2502
13862 ; 49 ; 2772,4 ; 2502
14172 ; 48 ; 2834,4 ; 2502
14365 ; 47 ; 2873 ; 2502
14119 ; 46 ; 2823,8 ; 2502
14002 ; 45 ; 2800,4 ; 2502
13543 ; 45 ; 2708,6 ; 2502
13177 ; 44 ; 2635,4 ; 2502
12244 ; 44 ; 2448,8 ; 2502
7069 ; 44 ; 1413,8 ; 2502
14200 ; 45 ; 2840 ; 2502
13950 ; 45 ; 2790 ; 2502
13977 ; 45 ; 2795,4 ; 2502
13414 ; 45 ; 2682,8 ; 2502
13739 ; 45 ; 2747,8 ; 3297
14348 ; 45 ; 2869,6 ; 3297
13795 ; 46 ; 2759 ; 3297
11708 ; 47 ; 2341,6 ; 3297
7287 ; 49 ; 1457,4 ; 3297
15821 ; 53 ; 3164,2 ; 3297
14876 ; 53 ; 2975,2 ; 3297
16011 ; 55 ; 3202,2 ; 3297
15084 ; 55 ; 3016,8 ; 3297
14796 ; 56 ; 2959,2 ; 3297
14439 ; 57 ; 2887,8 ; 3297
14778 ; 58 ; 2955,6 ; 3297
15070 ; 59 ; 3014 ; 3297
13088 ; 59 ; 2617,6 ; 3297
8490 ; 61 ; 1698 ; 3297
16679 ; 64 ; 3335,8 ; 3297
15828 ; 64 ; 3165,6 ; 3297
16543 ; 64 ; 3308,6 ; 3297
14225 ; 64 ; 2845 ; 3297
15448 ; 66 ; 3089,6 ; 3297
15829 ; 67 ; 3165,8 ; 3297
14631 ; 67 ; 2926,2 ; 3297
8422 ; 68 ; 1684,4 ; 3297
16761 ; 70 ; 3352,2 ; 3297
16338 ; 70 ; 3267,6 ; 3297
16351 ; 70 ; 3270,2 ; 3297
16757 ; 70 ; 3351,4 ; 3297
16810 ; 70 ; 3362 ; 3297
16638 ; 70 ; 3327,6 ; 3297
16247 ; 70 ; 3249,4 ; 3297
14742 ; 70 ; 2948,4 ; 3297
6221 ; 73 ; 1244,2 ; 3297
17393 ; 76 ; 3478,6 ; 3297
17165 ; 76 ; 3433 ; 3297
16813 ; 76 ; 3362,6 ; 3297
15887 ; 76 ; 3177,4 ; 3297
16864 ; 76 ; 3372,8 ; 3297
16833 ; 76 ; 3366,6 ; 3297
17590 ; 76 ; 3518 ; 3297
16457 ; 78 ; 3291,4 ; 3297
17195 ; 78 ; 3439 ; 3297
5990 ; 78 ; 1198 ; 3297
18289 ; 81 ; 3657,8 ; 3297
16811 ; 81 ; 3362,2 ; 3297
17645 ; 81 ; 3529 ; 3297
17826 ; 81 ; 3565,2 ; 3297
17184 ; 81 ; 3436,8 ; 3297
17495 ; 81 ; 3499 ; 3297
17290 ; 80 ; 3458 ; 3297
16059 ; 80 ; 3211,8 ; 3297
7691 ; 80 ; 1538,2 ; 3297
18261 ; 83 ; 3652,2 ; 3297
17366 ; 83 ; 3473,2 ; 3297
17233 ; 83 ; 3446,6 ; 3297
17315 ; 83 ; 3463 ; 3297
16738 ; 83 ; 3347,6 ; 3297
17774 ; 83 ; 3554,8 ; 3297
16953 ; 83 ; 3390,6 ; 3297
16992 ; 83 ; 3398,4 ; 3297
6731 ; 83 ; 1346,2 ; 3297
18707 ; 86 ; 3741,4 ; 2671
17670 ; 85 ; 3534 ; 2671
18230 ; 84 ; 3646 ; 2671
17555 ; 82 ; 3511 ; 2671
17323 ; 80 ; 3464,6 ; 2671
17068 ; 78 ; 3413,6 ; 2671
16873 ; 76 ; 3374,6 ; 2671
16384 ; 74 ; 3276,8 ; 2671
6933 ; 72 ; 1386,6 ; 2671
13960 ; 74 ; 2792 ; 2671
15600 ; 74 ; 3120 ; 2671
16150 ; 74 ; 3230 ; 2671
16693 ; 73 ; 3338,6 ; 2671
16719 ; 71 ; 3343,8 ; 2671
17245 ; 70 ; 3449 ; 2671
16382 ; 68 ; 3276,4 ; 2671
15894 ; 66 ; 3178,8 ; 2671
16437 ; 65 ; 3287,4 ; 2671
15672 ; 63 ; 3134,4 ; 2671
14110 ; 62 ; 2822 ; 2671
5964 ; 62 ; 1192,8 ; 2671
13853 ; 64 ; 2770,6 ; 2671
16112 ; 64 ; 3222,4 ; 2671
15587 ; 64 ; 3117,4 ; 2671
16207 ; 63 ; 3241,4 ; 2671
15609 ; 62 ; 3121,8 ; 2671
15495 ; 61 ; 3099 ; 2671
13210 ; 59 ; 2642 ; 2671
11881 ; 59 ; 2376,2 ; 2671
13375 ; 59 ; 2675 ; 2671
7635 ; 59 ; 1527 ; 2671
13356 ; 61 ; 2671,2 ; 2671
15528 ; 61 ; 3105,6 ; 2671
15348 ; 62 ; 3069,6 ; 2671
15917 ; 61 ; 3183,4 ; 2671
14748 ; 60 ; 2949,6 ; 2671
15194 ; 59 ; 3038,8 ; 2671
15185 ; 58 ; 3037 ; 2671
14898 ; 57 ; 2979,6 ; 2671
7720 ; 56 ; 1544 ; 2671
12666 ; 58 ; 2533,2 ; 2671
15089 ; 58 ; 3017,8 ; 2671
16086 ; 58 ; 3217,2 ; 2671
15728 ; 57 ; 3145,6 ; 2671
15262 ; 56 ; 3052,4 ; 2671
15081 ; 55 ; 3016,2 ; 2671
14516 ; 54 ; 2903,2 ; 2671
13842 ; 53 ; 2768,4 ; 2671
8548 ; 53 ; 1709,6 ; 2671
10437 ; 54 ; 2087,4 ; 2671
15118 ; 56 ; 3023,6 ; 2671
14895 ; 56 ; 2979 ; 2671
15014 ; 55 ; 3002,8 ; 2671
14028 ; 55 ; 2805,6 ; 2671
14914 ; 55 ; 2982,8 ; 2671
14804 ; 54 ; 2960,8 ; 2671
14540 ; 53 ; 2908 ; 2671
14269 ; 52 ; 2853,8 ; 2671
8630 ; 52 ; 1726 ; 2671
9740 ; 54 ; 1948 ; 2671